datetime,p_up,regime,action,position,price,equity
2025-11-21 15:00:00+00:00,0.5878546500766051,1,ENTER_OR_HOLD_LONG,0.17570930015321018,84616.1328125,9998.94574419908
2025-11-21 16:00:00+00:00,0.5478231154255013,1,HOLD,0.17570930015321018,82867.3515625,9962.635323895454
2025-11-21 17:00:00+00:00,0.47715629947157034,1,EXIT_TO_FLAT,0.0,84882.3125,10004.14547250981
2025-11-21 18:00:00+00:00,0.6422647802159471,1,ENTER_OR_HOLD_LONG,0.28452956043189426,83958.53125,10002.437587441536
2025-11-21 18:00:00+00:00,0.4410516203452294,1,EXIT_TO_FLAT,0.0,84512.421875,10019.502328125143
2025-11-21 20:00:00+00:00,0.6218120540471208,1,ENTER_OR_HOLD_LONG,0.24362410809424162,83993.3671875,10018.037732734201
2025-11-21 21:00:00+00:00,0.6254759118642657,1,ENTER_OR_HOLD_LONG,0.2509518237285313,84371.7578125,10028.988716453003
2025-11-21 22:00:00+00:00,0.4834403026240982,1,EXIT_TO_FLAT,0.0,85207.3671875,10052.400951477657
2025-11-21 22:00:00+00:00,0.4806568791080047,1,EXIT_TO_FLAT,0.0,84316.1171875,10052.400951477657
2025-11-22 00:00:00+00:00,0.5047575436657907,1,EXIT_TO_FLAT,0.0,85138.21875,10052.400951477657
2025-11-22 02:00:00+00:00,0.5167719010651463,1,EXIT_TO_FLAT,0.0,84675.796875,10052.400951477657
2025-11-22 03:00:00+00:00,0.5002134351350517,1,EXIT_TO_FLAT,0.0,84311.171875,10052.400951477657
2025-11-22 04:00:00+00:00,0.5878536946069737,1,ENTER_OR_HOLD_LONG,0.17570738921394735,84208.9453125,10051.341182801747
2025-11-22 05:00:00+00:00,0.5067853774673883,1,EXIT_TO_FLAT,0.0,84159.3046875,10049.240534153683
2025-11-22 06:00:00+00:00,0.5313625246301619,1,HOLD,0.0,84105.3203125,10049.240534153683
2025-11-22 06:00:00+00:00,0.6198666369572439,1,ENTER_OR_HOLD_LONG,0.23973327391448773,84592.625,10047.79505175352
2025-11-22 08:00:00+00:00,0.5204004439779875,1,EXIT_TO_FLAT,0.0,84418.4453125,10041.390691541023
2025-11-22 09:00:00+00:00,0.632341350347436,1,ENTER_OR_HOLD_LONG,0.264682700694872,84001.3984375,10039.796022096842
2025-11-22 10:00:00+00:00,0.6071972901449111,1,ENTER_OR_HOLD_LONG,0.21439458028982217,83942.421875,10037.62744214296
2025-11-22 10:00:00+00:00,0.4963266838966417,1,EXIT_TO_FLAT,0.0,83703.1484375,10030.202824363214
2025-11-22 12:00:00+00:00,0.49814867477498664,1,EXIT_TO_FLAT,0.0,83693.1015625,10030.202824363214
2025-11-22 13:00:00+00:00,0.5131507895347538,1,EXIT_TO_FLAT,0.0,84050.953125,10030.202824363214
2025-11-22 13:00:00+00:00,0.5131507895347538,1,EXIT_TO_FLAT,0.0,83890.1796875,10030.202824363214
2025-11-22 14:00:00+00:00,0.5281254830129709,1,EXIT_TO_FLAT,0.0,84453.5234375,10030.202824363214
2025-11-22 16:00:00+00:00,0.49503454613508996,1,EXIT_TO_FLAT,0.0,84231.328125,10030.202824363214
2025-11-22 17:00:00+00:00,0.4780857012190036,1,EXIT_TO_FLAT,0.0,84536.4375,10030.202824363214
2025-11-22 18:00:00+00:00,0.47892332802709014,1,EXIT_TO_FLAT,0.0,84471.9296875,10030.202824363214
2025-11-22 18:00:00+00:00,0.4815147802985026,1,EXIT_TO_FLAT,0.0,84537.2890625,10030.202824363214
2025-11-22 20:00:00+00:00,0.4753664907280657,1,EXIT_TO_FLAT,0.0,84718.484375,10030.202824363214
2025-11-22 21:00:00+00:00,0.50671306516155,1,EXIT_TO_FLAT,0.0,84407.9296875,10030.202824363214
2025-11-22 22:00:00+00:00,0.4859637465607607,1,EXIT_TO_FLAT,0.0,84298.2890625,10030.202824363214
2025-11-22 23:00:00+00:00,0.5039974367757727,1,EXIT_TO_FLAT,0.0,85009.015625,10030.202824363214
2025-11-23 00:00:00+00:00,0.4710227316406641,1,EXIT_TO_FLAT,0.0,84882.7578125,10030.202824363214
2025-11-23 02:00:00+00:00,0.4943792342674734,1,EXIT_TO_FLAT,0.0,86192.390625,10030.202824363214
2025-11-23 03:00:00+00:00,0.5232411188160064,1,EXIT_TO_FLAT,0.0,86013.3359375,10030.202824363214
2025-11-23 04:00:00+00:00,0.49101634979252085,1,EXIT_TO_FLAT,0.0,86511.078125,10030.202824363214
2025-11-23 05:00:00+00:00,0.4788856463996584,1,EXIT_TO_FLAT,0.0,86419.1171875,10030.202824363214
2025-11-23 06:00:00+00:00,0.5143558044537287,1,EXIT_TO_FLAT,0.0,86384.8125,10030.202824363214
2025-11-23 07:00:00+00:00,0.46488608439249945,1,EXIT_TO_FLAT,0.0,85701.359375,10030.202824363214
2025-11-23 08:00:00+00:00,0.48318475084985646,1,EXIT_TO_FLAT,0.0,85897.203125,10030.202824363214
2025-11-23 09:00:00+00:00,0.4724477697181572,1,EXIT_TO_FLAT,0.0,86101.3359375,10030.202824363214
2025-11-23 10:00:00+00:00,0.4800527551240033,1,EXIT_TO_FLAT,0.0,86282.0703125,10030.202824363214
2025-11-23 10:00:00+00:00,0.5037901339394005,1,EXIT_TO_FLAT,0.0,86053.359375,10030.202824363214
2025-11-23 12:00:00+00:00,0.4851388571487967,1,EXIT_TO_FLAT,0.0,86416.921875,10030.202824363214
2025-11-23 13:00:00+00:00,0.5124668983738473,1,EXIT_TO_FLAT,0.0,86388.9765625,10030.202824363214
2025-11-23 14:00:00+00:00,0.5323204013522963,1,HOLD,0.0,87107.375,10030.202824363214
2025-11-23 14:00:00+00:00,0.49364095712036604,1,EXIT_TO_FLAT,0.0,86516.9921875,10030.202824363214
2025-11-23 16:00:00+00:00,0.48155646296248716,0,FLAT_REGIME_LOW,0.0,87288.09375,10030.202824363214
2025-11-23 16:00:00+00:00,0.5077685551312068,0,FLAT_REGIME_LOW,0.0,86721.734375,10030.202824363214
2025-11-23 18:00:00+00:00,0.4863506223620995,0,FLAT_REGIME_LOW,0.0,86854.8359375,10030.202824363214
2025-11-23 18:00:00+00:00,0.4863506223620995,0,FLAT_REGIME_LOW,0.0,86983.296875,10030.202824363214
2025-11-23 20:00:00+00:00,0.49038356983558656,0,FLAT_REGIME_LOW,0.0,87268.484375,10030.202824363214
2025-11-23 21:00:00+00:00,0.5227485151976682,0,FLAT_REGIME_LOW,0.0,87460.0859375,10030.202824363214
2025-11-23 21:00:00+00:00,0.4928678138640372,0,FLAT_REGIME_LOW,0.0,87973.9453125,10030.202824363214
2025-11-23 22:00:00+00:00,0.4984024534196355,0,FLAT_REGIME_LOW,0.0,87961.4375,10030.202824363214
2025-11-24 00:00:00+00:00,0.4990000034043986,0,FLAT_REGIME_LOW,0.0,86739.3671875,10030.202824363214
2025-11-24 02:00:00+00:00,0.45847563463376356,0,FLAT_REGIME_LOW,0.0,87405.9921875,10030.202824363214
2025-11-24 03:00:00+00:00,0.4908986045923598,0,FLAT_REGIME_LOW,0.0,87463.140625,10030.202824363214
2025-11-24 04:00:00+00:00,0.49990437127287446,0,FLAT_REGIME_LOW,0.0,86609.21875,10030.202824363214
2025-11-24 05:00:00+00:00,0.5379922245138642,0,FLAT_REGIME_LOW,0.0,87252.4453125,10030.202824363214
2025-11-24 06:00:00+00:00,0.49942081849708886,0,FLAT_REGIME_LOW,0.0,87019.15625,10030.202824363214
2025-11-24 07:00:00+00:00,0.4880017992267067,1,EXIT_TO_FLAT,0.0,86854.0546875,10030.202824363214
2025-11-24 08:00:00+00:00,0.49822005669194236,0,FLAT_REGIME_LOW,0.0,86822.453125,10030.202824363214
2025-11-24 09:00:00+00:00,0.5162385681565202,0,FLAT_REGIME_LOW,0.0,86576.546875,10030.202824363214
2025-11-24 10:00:00+00:00,0.5269463941476904,1,EXIT_TO_FLAT,0.0,85975.0390625,10030.202824363214
2025-11-24 10:00:00+00:00,0.5269463941476904,1,EXIT_TO_FLAT,0.0,86053.9140625,10030.202824363214
2025-11-24 12:00:00+00:00,0.49058839969333234,1,EXIT_TO_FLAT,0.0,85980.265625,10030.202824363214
2025-11-24 13:00:00+00:00,0.5121267066573705,1,EXIT_TO_FLAT,0.0,86299.9765625,10030.202824363214
2025-11-24 14:00:00+00:00,0.5121814743133306,1,EXIT_TO_FLAT,0.0,86006.3984375,10030.202824363214
2025-11-24 15:00:00+00:00,0.5061258385143377,1,EXIT_TO_FLAT,0.0,86598.3984375,10030.202824363214
2025-11-24 16:00:00+00:00,0.5211898002178892,1,EXIT_TO_FLAT,0.0,86809.9765625,10030.202824363214
2025-11-24 16:00:00+00:00,0.5056702651214537,1,EXIT_TO_FLAT,0.0,87185.5703125,10030.202824363214
2025-11-24 18:00:00+00:00,0.5315319652284978,1,HOLD,0.0,88391.7265625,10030.202824363214
2025-11-24 18:00:00+00:00,0.5345389290350624,1,HOLD,0.0,88674.8671875,10030.202824363214
2025-11-24 20:00:00+00:00,0.4984218947569963,1,EXIT_TO_FLAT,0.0,88483.296875,10030.202824363214
2025-11-24 21:00:00+00:00,0.4728871233954662,1,EXIT_TO_FLAT,0.0,89070.765625,10030.202824363214
2025-11-24 21:00:00+00:00,0.4832191896396848,1,EXIT_TO_FLAT,0.0,88823.078125,10030.202824363214
2025-11-24 22:00:00+00:00,0.47085453155937096,1,EXIT_TO_FLAT,0.0,88699.21875,10030.202824363214
2025-11-25 00:00:00+00:00,0.4788372254325879,1,EXIT_TO_FLAT,0.0,88118.1875,10030.202824363214
2025-11-25 02:00:00+00:00,0.46168949298127826,1,EXIT_TO_FLAT,0.0,87684.140625,10030.202824363214
2025-11-25 03:00:00+00:00,0.5302362014953566,1,HOLD,0.0,87651.921875,10030.202824363214
2025-11-25 04:00:00+00:00,0.5277916308102405,1,EXIT_TO_FLAT,0.0,88029.1875,10030.202824363214
2025-11-25 05:00:00+00:00,0.5138429295380502,1,EXIT_TO_FLAT,0.0,88257.4375,10030.202824363214
2025-11-25 06:00:00+00:00,0.5243134362261799,1,EXIT_TO_FLAT,0.0,88094.1015625,10030.202824363214
2025-11-25 07:00:00+00:00,0.5183172569262977,1,EXIT_TO_FLAT,0.0,87980.984375,10030.202824363214
2025-11-25 08:00:00+00:00,0.5183401004887135,1,EXIT_TO_FLAT,0.0,87399.6484375,10030.202824363214
2025-11-25 09:00:00+00:00,0.5190494003690814,1,EXIT_TO_FLAT,0.0,86998.6640625,10030.202824363214
2025-11-25 10:00:00+00:00,0.49654367986533277,1,EXIT_TO_FLAT,0.0,87037.0078125,10030.202824363214
2025-11-25 10:00:00+00:00,0.49235726860010026,1,EXIT_TO_FLAT,0.0,87393.8984375,10030.202824363214
2025-11-25 12:00:00+00:00,0.521790408739178,1,EXIT_TO_FLAT,0.0,87585.6640625,10030.202824363214
2025-11-25 13:00:00+00:00,0.5071660576298175,1,EXIT_TO_FLAT,0.0,87603.9921875,10030.202824363214
2025-11-25 14:00:00+00:00,0.5169897174235791,1,EXIT_TO_FLAT,0.0,87211.1328125,10030.202824363214
2025-11-25 15:00:00+00:00,0.4902798079974684,1,EXIT_TO_FLAT,0.0,86312.4296875,10030.202824363214
2025-11-25 16:00:00+00:00,0.48789235490043553,1,EXIT_TO_FLAT,0.0,86819.5390625,10030.202824363214
2025-11-25 17:00:00+00:00,0.5011696960294547,1,EXIT_TO_FLAT,0.0,87082.5703125,10030.202824363214
2025-11-25 18:00:00+00:00,0.5126356686099507,1,EXIT_TO_FLAT,0.0,87688.1484375,10030.202824363214
2025-11-25 18:00:00+00:00,0.5109016108153112,1,EXIT_TO_FLAT,0.0,87241.4765625,10030.202824363214
2025-11-25 20:00:00+00:00,0.4894132977016825,1,EXIT_TO_FLAT,0.0,86847.453125,10030.202824363214
2025-11-25 20:00:00+00:00,0.49137044101251304,1,EXIT_TO_FLAT,0.0,87396.9609375,10030.202824363214
2025-11-25 22:00:00+00:00,0.46939442336428433,1,EXIT_TO_FLAT,0.0,86644.1640625,10030.202824363214
2025-11-25 23:00:00+00:00,0.48695172709023654,1,EXIT_TO_FLAT,0.0,87415.5859375,10030.202824363214
2025-11-26 00:00:00+00:00,0.4574057502984977,1,EXIT_TO_FLAT,0.0,87482.65625,10030.202824363214
2025-11-26 02:00:00+00:00,0.49526600445132124,1,EXIT_TO_FLAT,0.0,87815.7421875,10030.202824363214
2025-11-26 03:00:00+00:00,0.4965063313723246,1,EXIT_TO_FLAT,0.0,87404.71875,10030.202824363214
2025-11-26 04:00:00+00:00,0.47877583811651186,1,EXIT_TO_FLAT,0.0,86935.1015625,10030.202824363214
2025-11-26 05:00:00+00:00,0.47834732513007583,1,EXIT_TO_FLAT,0.0,87374.3125,10030.202824363214
2025-11-26 06:00:00+00:00,0.49125333714336844,1,EXIT_TO_FLAT,0.0,87566.7109375,10030.202824363214
2025-11-26 07:00:00+00:00,0.5146501363159792,1,EXIT_TO_FLAT,0.0,87698.7109375,10030.202824363214
2025-11-26 08:00:00+00:00,0.5134631196474292,1,EXIT_TO_FLAT,0.0,87656.4296875,10030.202824363214
2025-11-26 09:00:00+00:00,0.480195300064127,1,EXIT_TO_FLAT,0.0,87317.015625,10030.202824363214
2025-11-26 10:00:00+00:00,0.48068125955130064,1,EXIT_TO_FLAT,0.0,86954.7109375,10030.202824363214
2025-11-26 10:00:00+00:00,0.48068125955130364,1,EXIT_TO_FLAT,0.0,86918.8359375,10030.202824363214
2025-11-26 12:00:00+00:00,0.48978123701494697,1,EXIT_TO_FLAT,0.0,86563.765625,10030.202824363214
2025-11-26 13:00:00+00:00,0.5111736475584544,1,EXIT_TO_FLAT,0.0,86709.9375,10030.202824363214
2025-11-26 13:00:00+00:00,0.5094042758063655,1,EXIT_TO_FLAT,0.0,87030.7109375,10030.202824363214
2025-11-26 15:00:00+00:00,0.49382575064318096,1,EXIT_TO_FLAT,0.0,86934.5234375,10030.202824363214
2025-11-26 16:00:00+00:00,0.5049708167273835,0,FLAT_REGIME_LOW,0.0,87314.890625,10030.202824363214
2025-11-26 17:00:00+00:00,0.4901501918651788,0,FLAT_REGIME_LOW,0.0,87858.9140625,10030.202824363214
2025-11-26 18:00:00+00:00,0.5198802108640906,1,EXIT_TO_FLAT,0.0,90081.71875,10030.202824363214
2025-11-26 19:00:00+00:00,0.5082773664552536,1,EXIT_TO_FLAT,0.0,90129.1796875,10030.202824363214
2025-11-26 20:00:00+00:00,0.46260215013394407,1,EXIT_TO_FLAT,0.0,89517.3359375,10030.202824363214
2025-11-26 21:00:00+00:00,0.4210039790876911,1,EXIT_TO_FLAT,0.0,89976.21875,10030.202824363214
2025-11-26 22:00:00+00:00,0.41245585575434734,1,EXIT_TO_FLAT,0.0,90202.3125,10030.202824363214
2025-11-26 23:00:00+00:00,0.4248501769274862,1,EXIT_TO_FLAT,0.0,90514.2890625,10030.202824363214
2025-11-27 00:00:00+00:00,0.4226009336033448,1,EXIT_TO_FLAT,0.0,90337.1640625,10030.202824363214
2025-11-27 02:00:00+00:00,0.48935139434976865,1,EXIT_TO_FLAT,0.0,91178.1328125,10030.202824363214
2025-11-27 03:00:00+00:00,0.4992388436370902,1,EXIT_TO_FLAT,0.0,91192.109375,10030.202824363214
2025-11-27 04:00:00+00:00,0.4851103071879688,1,EXIT_TO_FLAT,0.0,91248.625,10030.202824363214
2025-11-27 05:00:00+00:00,0.4866403108042032,1,EXIT_TO_FLAT,0.0,91297.5078125,10030.202824363214
2025-11-27 06:00:00+00:00,0.49133972187386044,1,EXIT_TO_FLAT,0.0,91215.5703125,10030.202824363214
2025-11-27 07:00:00+00:00,0.4742430514180075,1,EXIT_TO_FLAT,0.0,91215.21875,10030.202824363214
2025-11-27 08:00:00+00:00,0.4866195489873043,1,EXIT_TO_FLAT,0.0,91374.765625,10030.202824363214
2025-11-27 09:00:00+00:00,0.5073240897326445,1,EXIT_TO_FLAT,0.0,91500.34375,10030.202824363214
2025-11-27 10:00:00+00:00,0.5035263373619016,1,EXIT_TO_FLAT,0.0,91652.828125,10030.202824363214
2025-11-27 11:00:00+00:00,0.48867210041346865,1,EXIT_TO_FLAT,0.0,91596.703125,10030.202824363214
2025-11-27 12:00:00+00:00,0.49453509267991086,1,EXIT_TO_FLAT,0.0,91410.828125,10030.202824363214
2025-11-27 13:00:00+00:00,0.49105933161167614,1,EXIT_TO_FLAT,0.0,90489.515625,10030.202824363214
2025-11-27 14:00:00+00:00,0.49361559256234305,1,EXIT_TO_FLAT,0.0,90823.984375,10030.202824363214
2025-11-27 15:00:00+00:00,0.507550557036729,1,EXIT_TO_FLAT,0.0,90862.53125,10030.202824363214
2025-11-27 16:00:00+00:00,0.5061958863761917,1,EXIT_TO_FLAT,0.0,90915.78125,10030.202824363214
2025-11-27 16:00:00+00:00,0.5202528355772061,1,EXIT_TO_FLAT,0.0,91455.765625,10030.202824363214
2025-11-27 18:00:00+00:00,0.4895754898447357,1,EXIT_TO_FLAT,0.0,91466.1171875,10030.202824363214
2025-11-27 18:00:00+00:00,0.5010474355221454,1,EXIT_TO_FLAT,0.0,91792.296875,10030.202824363214
2025-11-27 20:00:00+00:00,0.4790937706457532,1,EXIT_TO_FLAT,0.0,91492.09375,10030.202824363214
2025-11-27 21:00:00+00:00,0.48643003656231565,1,EXIT_TO_FLAT,0.0,91311.3359375,10030.202824363214
2025-11-27 22:00:00+00:00,0.48273019829181096,1,EXIT_TO_FLAT,0.0,91407.765625,10030.202824363214
2025-11-27 23:00:00+00:00,0.4955537030566066,1,EXIT_TO_FLAT,0.0,91498.359375,10030.202824363214
2025-11-28 00:00:00+00:00,0.5009678628241842,1,EXIT_TO_FLAT,0.0,91284.0859375,10030.202824363214
2025-11-28 02:00:00+00:00,0.48468854988485877,1,EXIT_TO_FLAT,0.0,90773.7890625,10030.202824363214
2025-11-28 03:00:00+00:00,0.5003689309544913,0,FLAT_REGIME_LOW,0.0,91252.4140625,10030.202824363214
2025-11-28 04:00:00+00:00,0.4998599108792355,0,FLAT_REGIME_LOW,0.0,91292.9375,10030.202824363214
2025-11-28 05:00:00+00:00,0.5060723702538403,0,FLAT_REGIME_LOW,0.0,91333.8828125,10030.202824363214
2025-11-28 06:00:00+00:00,0.4964586960767747,0,FLAT_REGIME_LOW,0.0,91451.2421875,10030.202824363214
2025-11-28 07:00:00+00:00,0.48560169985858875,0,FLAT_REGIME_LOW,0.0,91397.5,10030.202824363214
2025-11-28 08:00:00+00:00,0.4778416334381885,0,FLAT_REGIME_LOW,0.0,91169.9609375,10030.202824363214
2025-11-28 09:00:00+00:00,0.4662688991410957,0,FLAT_REGIME_LOW,0.0,91537.2734375,10030.202824363214
2025-11-28 10:00:00+00:00,0.4802295868433816,0,FLAT_REGIME_LOW,0.0,91490.8828125,10030.202824363214
2025-11-28 11:00:00+00:00,0.48500335415763846,0,FLAT_REGIME_LOW,0.0,91755.984375,10030.202824363214
2025-11-28 12:00:00+00:00,0.47215118450679583,0,FLAT_REGIME_LOW,0.0,91511.8515625,10030.202824363214
2025-11-28 13:00:00+00:00,0.4573345639955552,0,FLAT_REGIME_LOW,0.0,91522.4609375,10030.202824363214
2025-11-28 14:00:00+00:00,0.48358334441775436,1,EXIT_TO_FLAT,0.0,92435.140625,10030.202824363214
2025-11-28 15:00:00+00:00,0.510387305695751,1,EXIT_TO_FLAT,0.0,92142.2109375,10030.202824363214
2025-11-28 16:00:00+00:00,0.5209118055777227,0,FLAT_REGIME_LOW,0.0,92078.25,10030.202824363214
2025-11-28 16:00:00+00:00,0.5050823814551127,1,EXIT_TO_FLAT,0.0,90971.75,10030.202824363214
2025-11-28 18:00:00+00:00,0.43974921248435705,0,FLAT_REGIME_LOW,0.0,90638.421875,10030.202824363214
2025-11-28 18:00:00+00:00,0.43974921248435705,0,FLAT_REGIME_LOW,0.0,90758.109375,10030.202824363214
2025-11-28 20:00:00+00:00,0.4767022192916007,0,FLAT_REGIME_LOW,0.0,90963.1640625,10030.202824363214
2025-11-28 20:00:00+00:00,0.47670221929160195,0,FLAT_REGIME_LOW,0.0,91190.1015625,10030.202824363214
2025-11-28 21:00:00+00:00,0.48443065932391727,0,FLAT_REGIME_LOW,0.0,91001.5859375,10030.202824363214
2025-11-28 22:00:00+00:00,0.4876741290666057,0,FLAT_REGIME_LOW,0.0,90924.546875,10030.202824363214
2025-11-28 22:00:00+00:00,0.4891250108068797,0,FLAT_REGIME_LOW,0.0,90939.7265625,10030.202824363214
2025-11-28 22:00:00+00:00,0.4859446231587806,0,FLAT_REGIME_LOW,0.0,90924.546875,10030.202824363214
2025-11-28 22:00:00+00:00,0.4891250108068797,0,FLAT_REGIME_LOW,0.0,90939.7265625,10030.202824363214
2025-11-28 22:00:00+00:00,0.4859446231587806,0,FLAT_REGIME_LOW,0.0,90924.546875,10030.202824363214
2025-11-28 22:00:00+00:00,0.4859446231587806,0,FLAT_REGIME_LOW,0.0,90924.546875,10030.202824363214
2025-11-28 22:00:00+00:00,0.4891250108068797,0,FLAT_REGIME_LOW,0.0,90939.7265625,10030.202824363214
2025-11-28 22:00:00+00:00,0.4859446231587806,0,FLAT_REGIME_LOW,0.0,90924.546875,10030.202824363214
2025-11-28 22:00:00+00:00,0.4859446231587806,0,FLAT_REGIME_LOW,0.0,90924.546875,10030.202824363214
2025-11-28 22:00:00+00:00,0.4891250108068797,0,FLAT_REGIME_LOW,0.0,90939.7265625,10030.202824363214
2025-11-28 22:00:00+00:00,0.4891250108068797,0,FLAT_REGIME_LOW,0.0,90939.7265625,10030.202824363214
2025-11-28 22:00:00+00:00,0.4891250108068797,0,FLAT_REGIME_LOW,0.0,90939.7265625,10030.202824363214
2025-11-28 22:00:00+00:00,0.4859446231587812,0,FLAT_REGIME_LOW,0.0,90924.546875,10030.202824363214
2025-11-28 22:00:00+00:00,0.4891250108068797,0,FLAT_REGIME_LOW,0.0,90939.7265625,10030.202824363214
2025-11-28 22:00:00+00:00,0.4891250108068797,0,FLAT_REGIME_LOW,0.0,90939.7265625,10030.202824363214
2025-11-28 22:00:00+00:00,0.4891250108068797,0,FLAT_REGIME_LOW,0.0,90939.7265625,10030.202824363214
2025-11-28 22:00:00+00:00,0.4891250108068797,0,FLAT_REGIME_LOW,0.0,90939.7265625,10030.202824363214
2025-11-28 22:00:00+00:00,0.4891250108068797,0,FLAT_REGIME_LOW,0.0,90939.7265625,10030.202824363214
2025-11-28 22:00:00+00:00,0.4891250108068797,0,FLAT_REGIME_LOW,0.0,90939.7265625,10030.202824363214
2025-11-28 22:00:00+00:00,0.4891250108068797,0,FLAT_REGIME_LOW,0.0,90939.7265625,10030.202824363214
2025-11-29 20:00:00+00:00,0.5130560415783394,0,FLAT_REGIME_LOW,0.0,90491.7578125,10030.202824363214
2025-11-29 20:00:00+00:00,0.5130560415782519,0,FLAT_REGIME_LOW,0.0,91008.421875,10030.202824363214
2025-11-29 22:00:00+00:00,0.5239292598177555,0,FLAT_REGIME_LOW,0.0,90966.4765625,10030.202824363214
2025-11-29 23:00:00+00:00,0.5288141226348181,0,FLAT_REGIME_LOW,0.0,90825.234375,10030.202824363214
2025-11-30 00:00:00+00:00,0.5217001609219416,0,FLAT_REGIME_LOW,0.0,90873.5859375,10030.202824363214
2025-11-30 02:00:00+00:00,0.5303482577267414,0,FLAT_REGIME_LOW,0.0,90893.1015625,10030.202824363214
2025-11-30 03:00:00+00:00,0.5234513255813337,0,FLAT_REGIME_LOW,0.0,90934.3125,10030.202824363214
2025-11-30 04:00:00+00:00,0.5210598595311094,0,FLAT_REGIME_LOW,0.0,90951.453125,10030.202824363214
2025-11-30 05:00:00+00:00,0.5271559517082329,0,FLAT_REGIME_LOW,0.0,90785.703125,10030.202824363214
2025-11-30 06:00:00+00:00,0.5324191407047772,0,FLAT_REGIME_LOW,0.0,90777.296875,10030.202824363214
2025-11-30 07:00:00+00:00,0.5295023787647671,0,FLAT_REGIME_LOW,0.0,90912.0546875,10030.202824363214
2025-11-30 08:00:00+00:00,0.5150604667996662,0,FLAT_REGIME_LOW,0.0,91025.2734375,10030.202824363214
2025-11-30 09:00:00+00:00,0.523906220524508,0,FLAT_REGIME_LOW,0.0,91294.2890625,10030.202824363214
2025-11-30 10:00:00+00:00,0.5346953284719765,0,FLAT_REGIME_LOW,0.0,91354.1015625,10030.202824363214
2025-11-30 11:00:00+00:00,0.5292246969313436,0,FLAT_REGIME_LOW,0.0,91246.4140625,10030.202824363214
2025-11-30 12:00:00+00:00,0.5278034271314557,0,FLAT_REGIME_LOW,0.0,91226.7421875,10030.202824363214
2025-11-30 13:00:00+00:00,0.4822561104065175,0,FLAT_REGIME_LOW,0.0,91521.9921875,10030.202824363214
2025-11-30 14:00:00+00:00,0.48753449046314246,0,FLAT_REGIME_LOW,0.0,91749.3125,10030.202824363214
2025-11-30 15:00:00+00:00,0.4758987188622751,0,FLAT_REGIME_LOW,0.0,91497.4921875,10030.202824363214
2025-11-30 16:00:00+00:00,0.46072430884208637,0,FLAT_REGIME_LOW,0.0,91452.1328125,10030.202824363214
2025-11-30 17:00:00+00:00,0.4591252971912865,0,FLAT_REGIME_LOW,0.0,91691.6796875,10030.202824363214
2025-11-30 18:00:00+00:00,0.45585546529864795,0,FLAT_REGIME_LOW,0.0,91250.6875,10030.202824363214
2025-11-30 18:00:00+00:00,0.45585546529864795,0,FLAT_REGIME_LOW,0.0,91448.78125,10030.202824363214
2025-11-30 20:00:00+00:00,0.4612911420013792,0,FLAT_REGIME_LOW,0.0,91566.6171875,10030.202824363214
2025-11-30 21:00:00+00:00,0.47890076709813456,0,FLAT_REGIME_LOW,0.0,91287.515625,10030.202824363214
2025-11-30 22:00:00+00:00,0.47936158530438105,0,FLAT_REGIME_LOW,0.0,91259.5078125,10030.202824363214
2025-11-30 23:00:00+00:00,0.5005731074495924,0,FLAT_REGIME_LOW,0.0,91242.9765625,10030.202824363214
2025-12-01 00:00:00+00:00,0.477310377939913,1,EXIT_TO_FLAT,0.0,87376.9296875,10030.202824363214
2025-12-01 02:00:00+00:00,0.41329509979557355,1,EXIT_TO_FLAT,0.0,86749.7421875,10030.202824363214
2025-12-01 04:00:00+00:00,0.503996266460843,1,EXIT_TO_FLAT,0.0,85888.734375,10030.202824363214
2025-12-01 05:00:00+00:00,0.5036612656738648,1,EXIT_TO_FLAT,0.0,85779.75,10030.202824363214
2025-12-01 06:00:00+00:00,0.5121429352564542,1,EXIT_TO_FLAT,0.0,86218.15625,10030.202824363214
2025-12-01 07:00:00+00:00,0.5741725480059842,1,HOLD,0.0,86142.53125,10030.202824363214
2025-12-01 08:00:00+00:00,0.5871604582499595,1,ENTER_OR_HOLD_LONG,0.1743209164999191,86442.9453125,10029.1537398738
2025-12-01 09:00:00+00:00,0.5840404517720762,1,ENTER_OR_HOLD_LONG,0.1680809035441524,86664.984375,10033.606869439933
2025-12-01 10:00:00+00:00,0.57809756728418,1,HOLD,0.1680809035441524,86790.1953125,10036.043412321103
2025-12-01 10:00:00+00:00,0.5743592103126135,1,HOLD,0.1680809035441524,86638.0703125,10033.086688019655
2025-12-01 13:00:00+00:00,0.5588537077653838,1,HOLD,0.1680809035441524,85955.1640625,10019.794231285052
2025-12-01 14:00:00+00:00,0.5442145866465633,1,HOLD,0.1680809035441524,86018.4609375,10021.03441913559
2025-12-01 15:00:00+00:00,0.5702511556532356,1,HOLD,0.1680809035441524,85862.5546875,10017.981587977032
2025-12-01 16:00:00+00:00,0.5707207421900776,1,HOLD,0.1680809035441524,84186.8984375,9985.120667234673
2025-12-01 17:00:00+00:00,0.5383795359473914,1,HOLD,0.1680809035441524,84929.0703125,9999.916236323248
2025-12-01 18:00:00+00:00,0.5147140555412473,1,EXIT_TO_FLAT,0.0,85177.09375,10003.815790249631
2025-12-01 19:00:00+00:00,0.5656877068368783,1,HOLD,0.0,84844.609375,10003.815790249631
2025-12-01 20:00:00+00:00,0.5570540278326159,1,HOLD,0.0,85720.4453125,10003.815790249631
2025-12-01 20:00:00+00:00,0.5570540278326159,1,HOLD,0.0,85469.125,10003.815790249631
2025-12-01 21:00:00+00:00,0.5417750088819702,1,HOLD,0.0,86425.0703125,10003.815790249631
2025-12-01 23:00:00+00:00,0.5517793736386624,1,HOLD,0.0,86730.609375,10003.815790249631
2025-12-02 00:00:00+00:00,0.5325728536022968,1,HOLD,0.0,86401.9296875,10003.815790249631
2025-12-02 02:00:00+00:00,0.48183523394932964,1,EXIT_TO_FLAT,0.0,86803.28125,10003.815790249631
2025-12-02 03:00:00+00:00,0.4767643433547091,1,EXIT_TO_FLAT,0.0,86496.1484375,10003.815790249631
2025-12-02 04:00:00+00:00,0.5036639234982413,1,EXIT_TO_FLAT,0.0,87175.0859375,10003.815790249631
2025-12-02 05:00:00+00:00,0.5355341174041363,1,HOLD,0.0,86871.46875,10003.815790249631
2025-12-02 06:00:00+00:00,0.4985537027905888,1,EXIT_TO_FLAT,0.0,86920.1875,10003.815790249631
2025-12-02 07:00:00+00:00,0.49608322739960425,1,EXIT_TO_FLAT,0.0,86938.53125,10003.815790249631
2025-12-02 08:00:00+00:00,0.4970343762286738,1,EXIT_TO_FLAT,0.0,86725.953125,10003.815790249631
2025-12-02 09:00:00+00:00,0.492649389274746,1,EXIT_TO_FLAT,0.0,86748.3359375,10003.815790249631
2025-12-02 10:00:00+00:00,0.4992514900868568,1,EXIT_TO_FLAT,0.0,86901.5,10003.815790249631
2025-12-02 10:00:00+00:00,0.48678740763546224,1,EXIT_TO_FLAT,0.0,87301.625,10003.815790249631
2025-12-02 12:00:00+00:00,0.5044401846914468,1,EXIT_TO_FLAT,0.0,87461.5390625,10003.815790249631
2025-12-02 13:00:00+00:00,0.4862194838856909,1,EXIT_TO_FLAT,0.0,87392.828125,10003.815790249631
2025-12-02 14:00:00+00:00,0.47235292189035377,1,EXIT_TO_FLAT,0.0,88153.734375,10003.815790249631
2025-12-02 15:00:00+00:00,0.49800091158322457,1,EXIT_TO_FLAT,0.0,90095.7421875,10003.815790249631
2025-12-02 16:00:00+00:00,0.4849926355399768,1,EXIT_TO_FLAT,0.0,91057.828125,10003.815790249631
2025-12-02 17:00:00+00:00,0.4671042126203427,1,EXIT_TO_FLAT,0.0,90965.1484375,10003.815790249631
2025-12-02 18:00:00+00:00,0.43798269460831557,1,EXIT_TO_FLAT,0.0,91766.1484375,10003.815790249631
2025-12-02 19:00:00+00:00,0.4004932159858379,1,EXIT_TO_FLAT,0.0,92074.28125,10003.815790249631
2025-12-02 20:00:00+00:00,0.3932583004350471,1,EXIT_TO_FLAT,0.0,91848.8671875,10003.815790249631
2025-12-02 21:00:00+00:00,0.43771403229267974,1,EXIT_TO_FLAT,0.0,91234.8515625,10003.815790249631
2025-12-02 22:00:00+00:00,0.45610046376862395,1,EXIT_TO_FLAT,0.0,91798.21875,10003.815790249631
2025-12-02 23:00:00+00:00,0.43622967504772964,1,EXIT_TO_FLAT,0.0,92004.703125,10003.815790249631
2025-12-03 00:00:00+00:00,0.4327064362321759,1,EXIT_TO_FLAT,0.0,91243.7265625,10003.815790249631
2025-12-03 02:00:00+00:00,0.462281042674522,1,EXIT_TO_FLAT,0.0,92950.875,10003.815790249631
2025-12-03 03:00:00+00:00,0.4749651204538538,1,EXIT_TO_FLAT,0.0,92756.7734375,10003.815790249631
2025-12-03 04:00:00+00:00,0.4794157641430083,1,EXIT_TO_FLAT,0.0,92927.3671875,10003.815790249631
2025-12-03 05:00:00+00:00,0.47185969350105994,1,EXIT_TO_FLAT,0.0,93537.2734375,10003.815790249631
2025-12-03 06:00:00+00:00,0.4732479761805752,1,EXIT_TO_FLAT,0.0,93727.4140625,10003.815790249631
2025-12-03 07:00:00+00:00,0.4947596342671205,1,EXIT_TO_FLAT,0.0,93321.6328125,10003.815790249631
2025-12-03 08:00:00+00:00,0.4601826580327052,1,EXIT_TO_FLAT,0.0,92989.9375,10003.815790249631
2025-12-03 09:00:00+00:00,0.4595041452610112,1,EXIT_TO_FLAT,0.0,92825.1171875,10003.815790249631
2025-12-03 10:00:00+00:00,0.4558109757572979,1,EXIT_TO_FLAT,0.0,93116.6953125,10003.815790249631
2025-12-03 11:00:00+00:00,0.4954925270391603,1,EXIT_TO_FLAT,0.0,92963.03125,10003.815790249631
2025-12-03 12:00:00+00:00,0.4994640341627997,1,EXIT_TO_FLAT,0.0,92895.421875,10003.815790249631
2025-12-03 13:00:00+00:00,0.49149336082832157,1,EXIT_TO_FLAT,0.0,93085.4453125,10003.815790249631
2025-12-03 14:00:00+00:00,0.5121299060181288,1,EXIT_TO_FLAT,0.0,91937.0234375,10003.815790249631
2025-12-03 15:00:00+00:00,0.5463264889837536,1,HOLD,0.0,92761.3203125,10003.815790249631
2025-12-03 16:00:00+00:00,0.5335333736669463,1,HOLD,0.0,91906.0546875,10003.815790249631
2025-12-03 17:00:00+00:00,0.5257942345547068,1,EXIT_TO_FLAT,0.0,92358.5546875,10003.815790249631
2025-12-03 18:00:00+00:00,0.5175531076611404,1,EXIT_TO_FLAT,0.0,93267.9375,10003.815790249631
2025-12-03 19:00:00+00:00,0.5321840041076205,1,HOLD,0.0,92716.9765625,10003.815790249631
2025-12-03 20:00:00+00:00,0.5223842772101626,1,EXIT_TO_FLAT,0.0,93084.234375,10003.815790249631
2025-12-03 20:00:00+00:00,0.5206257055957074,1,EXIT_TO_FLAT,0.0,92913.59375,10003.815790249631
2025-12-03 22:00:00+00:00,0.4958885308729681,1,EXIT_TO_FLAT,0.0,93588.5,10003.815790249631
2025-12-03 23:00:00+00:00,0.49992130247746897,1,EXIT_TO_FLAT,0.0,93805.984375,10003.815790249631
2025-12-04 00:00:00+00:00,0.4838658895344397,1,EXIT_TO_FLAT,0.0,92961.140625,10003.815790249631
2025-12-04 02:00:00+00:00,0.4815916225495494,1,EXIT_TO_FLAT,0.0,93909.40625,10003.815790249631
2025-12-04 03:00:00+00:00,0.49170736986397995,1,EXIT_TO_FLAT,0.0,93466.984375,10003.815790249631
2025-12-04 04:00:00+00:00,0.5093932312618347,1,EXIT_TO_FLAT,0.0,93448.5,10003.815790249631
2025-12-04 05:00:00+00:00,0.49984078133089227,1,EXIT_TO_FLAT,0.0,93203.3359375,10003.815790249631
2025-12-04 06:00:00+00:00,0.49186312618694045,1,EXIT_TO_FLAT,0.0,93047.375,10003.815790249631
2025-12-04 07:00:00+00:00,0.4971727717317681,1,EXIT_TO_FLAT,0.0,93135.421875,10003.815790249631
2025-12-04 08:00:00+00:00,0.4964605576950783,1,EXIT_TO_FLAT,0.0,93200.2734375,10003.815790249631
2025-12-04 09:00:00+00:00,0.5378231475014476,1,HOLD,0.0,93540.984375,10003.815790249631
2025-12-04 10:00:00+00:00,0.5282665796691927,1,EXIT_TO_FLAT,0.0,93479.875,10003.815790249631
2025-12-04 11:00:00+00:00,0.5212441482837007,1,EXIT_TO_FLAT,0.0,93220.2734375,10003.815790249631
2025-12-04 12:00:00+00:00,0.5286698671409397,1,EXIT_TO_FLAT,0.0,93003.390625,10003.815790249631
2025-12-04 13:00:00+00:00,0.5161699789290429,1,EXIT_TO_FLAT,0.0,92839.90625,10003.815790249631
2025-12-04 14:00:00+00:00,0.5229089151584644,1,EXIT_TO_FLAT,0.0,92642.9453125,10003.815790249631
2025-12-04 15:00:00+00:00,0.5069008305738454,0,FLAT_REGIME_LOW,0.0,92461.7734375,10003.815790249631
2025-12-04 16:00:00+00:00,0.4802236707855336,1,EXIT_TO_FLAT,0.0,92788.6953125,10003.815790249631
2025-12-04 17:00:00+00:00,0.4859677368840312,1,EXIT_TO_FLAT,0.0,92257.4296875,10003.815790249631
2025-12-04 18:00:00+00:00,0.47653882467585096,1,EXIT_TO_FLAT,0.0,92296.5390625,10003.815790249631
2025-12-04 19:00:00+00:00,0.45891463120294046,1,EXIT_TO_FLAT,0.0,92100.2421875,10003.815790249631
2025-12-04 20:00:00+00:00,0.4599558786501189,0,FLAT_REGIME_LOW,0.0,91771.90625,10003.815790249631
2025-12-04 20:00:00+00:00,0.46463691091126674,0,FLAT_REGIME_LOW,0.0,92529.390625,10003.815790249631
2025-12-04 21:00:00+00:00,0.4632724002396428,0,FLAT_REGIME_LOW,0.0,92172.4453125,10003.815790249631
2025-12-04 23:00:00+00:00,0.5058455908278481,0,FLAT_REGIME_LOW,0.0,92411.6640625,10003.815790249631
2025-12-05 00:00:00+00:00,0.5074317284295746,0,FLAT_REGIME_LOW,0.0,92378.9765625,10003.815790249631
2025-12-05 02:00:00+00:00,0.4863371960408795,0,FLAT_REGIME_LOW,0.0,92628.8046875,10003.815790249631
2025-12-05 03:00:00+00:00,0.5083798953711798,0,FLAT_REGIME_LOW,0.0,92376.2265625,10003.815790249631
2025-12-05 04:00:00+00:00,0.5074369062522173,0,FLAT_REGIME_LOW,0.0,92362.828125,10003.815790249631
2025-12-05 05:00:00+00:00,0.5033791989486266,0,FLAT_REGIME_LOW,0.0,92168.0625,10003.815790249631
2025-12-05 06:00:00+00:00,0.49469726543060377,0,FLAT_REGIME_LOW,0.0,92068.25,10003.815790249631
2025-12-05 07:00:00+00:00,0.49502672521284463,0,FLAT_REGIME_LOW,0.0,92387.1328125,10003.815790249631
2025-12-05 08:00:00+00:00,0.4999811211429395,0,FLAT_REGIME_LOW,0.0,92128.7890625,10003.815790249631
2025-12-05 09:00:00+00:00,0.5042074597894503,0,FLAT_REGIME_LOW,0.0,92008.109375,10003.815790249631
2025-12-05 10:00:00+00:00,0.4899451324141167,0,FLAT_REGIME_LOW,0.0,91292.4375,10003.815790249631
2025-12-05 10:00:00+00:00,0.48811640862516703,0,FLAT_REGIME_LOW,0.0,91353.8203125,10003.815790249631
2025-12-05 12:00:00+00:00,0.47343519378437104,0,FLAT_REGIME_LOW,0.0,91286.9921875,10003.815790249631
2025-12-05 13:00:00+00:00,0.5067042951650399,0,FLAT_REGIME_LOW,0.0,91016.2734375,10003.815790249631
2025-12-05 14:00:00+00:00,0.4919419210275449,0,FLAT_REGIME_LOW,0.0,90589.1015625,10003.815790249631
2025-12-05 15:00:00+00:00,0.4775079729642953,1,EXIT_TO_FLAT,0.0,91373.9921875,10003.815790249631
2025-12-05 16:00:00+00:00,0.4925595750224447,0,FLAT_REGIME_LOW,0.0,89501.0546875,10003.815790249631
2025-12-05 17:00:00+00:00,0.5012315334097536,1,EXIT_TO_FLAT,0.0,88769.4921875,10003.815790249631
2025-12-05 18:00:00+00:00,0.4685500486174404,1,EXIT_TO_FLAT,0.0,89732.265625,10003.815790249631
2025-12-05 18:00:00+00:00,0.4665053943127351,1,EXIT_TO_FLAT,0.0,89003.90625,10003.815790249631
2025-12-05 20:00:00+00:00,0.49495855946003176,1,EXIT_TO_FLAT,0.0,89551.65625,10003.815790249631
2025-12-05 21:00:00+00:00,0.4750171408100992,1,EXIT_TO_FLAT,0.0,89371.9296875,10003.815790249631
2025-12-05 21:00:00+00:00,0.47485966667880747,1,EXIT_TO_FLAT,0.0,89184.6640625,10003.815790249631
2025-12-05 23:00:00+00:00,0.4905756864222387,1,EXIT_TO_FLAT,0.0,89035.171875,10003.815790249631
2025-12-06 00:00:00+00:00,0.49356621484360813,1,EXIT_TO_FLAT,0.0,89403.0,10003.815790249631
2025-12-06 02:00:00+00:00,0.5088508576096468,1,EXIT_TO_FLAT,0.0,89299.0078125,10003.815790249631
2025-12-06 03:00:00+00:00,0.5348490537993792,0,FLAT_REGIME_LOW,0.0,89709.4921875,10003.815790249631
2025-12-06 04:00:00+00:00,0.5314286662547264,0,FLAT_REGIME_LOW,0.0,89684.59375,10003.815790249631
2025-12-06 05:00:00+00:00,0.5300025443154559,0,FLAT_REGIME_LOW,0.0,89743.4296875,10003.815790249631
2025-12-06 06:00:00+00:00,0.5174209238079149,0,FLAT_REGIME_LOW,0.0,89639.5,10003.815790249631
2025-12-06 07:00:00+00:00,0.4961414265333749,0,FLAT_REGIME_LOW,0.0,89711.578125,10003.815790249631
2025-12-06 08:00:00+00:00,0.503955538859853,0,FLAT_REGIME_LOW,0.0,89605.0234375,10003.815790249631
2025-12-06 09:00:00+00:00,0.5126696075842894,0,FLAT_REGIME_LOW,0.0,89348.71875,10003.815790249631
2025-12-06 10:00:00+00:00,0.4967307240290785,0,FLAT_REGIME_LOW,0.0,89540.984375,10003.815790249631
2025-12-06 10:00:00+00:00,0.4967307240290785,0,FLAT_REGIME_LOW,0.0,89553.5703125,10003.815790249631
2025-12-06 12:00:00+00:00,0.5109169126665194,0,FLAT_REGIME_LOW,0.0,89620.453125,10003.815790249631
2025-12-06 13:00:00+00:00,0.510694495970619,0,FLAT_REGIME_LOW,0.0,89631.2890625,10003.815790249631
2025-12-06 13:00:00+00:00,0.5040046960609845,0,FLAT_REGIME_LOW,0.0,89691.0546875,10003.815790249631
2025-12-06 15:00:00+00:00,0.5204876353149974,0,FLAT_REGIME_LOW,0.0,89962.8515625,10003.815790249631
2025-12-06 16:00:00+00:00,0.5276325389487972,0,FLAT_REGIME_LOW,0.0,89947.8828125,10003.815790249631
2025-12-06 17:00:00+00:00,0.5137489525531683,0,FLAT_REGIME_LOW,0.0,89721.3515625,10003.815790249631
2025-12-06 18:00:00+00:00,0.5057311630544723,0,FLAT_REGIME_LOW,0.0,89684.34375,10003.815790249631
2025-12-06 18:00:00+00:00,0.492204000592828,0,FLAT_REGIME_LOW,0.0,89657.1171875,10003.815790249631
2025-12-06 20:00:00+00:00,0.4842966041254414,0,FLAT_REGIME_LOW,0.0,89477.25,10003.815790249631
2025-12-06 20:00:00+00:00,0.48429660412543263,0,FLAT_REGIME_LOW,0.0,89570.984375,10003.815790249631
2025-12-06 22:00:00+00:00,0.4981788394071099,0,FLAT_REGIME_LOW,0.0,89431.2734375,10003.815790249631
2025-12-06 22:00:00+00:00,0.5067664162279724,0,FLAT_REGIME_LOW,0.0,89326.234375,10003.815790249631
2025-12-07 00:00:00+00:00,0.505723683122409,0,FLAT_REGIME_LOW,0.0,89481.2265625,10003.815790249631
2025-12-07 02:00:00+00:00,0.4768119261880171,0,FLAT_REGIME_LOW,0.0,89472.4609375,10003.815790249631
2025-12-07 03:00:00+00:00,0.488915335657485,0,FLAT_REGIME_LOW,0.0,89732.71875,10003.815790249631
2025-12-07 04:00:00+00:00,0.4798429961659168,0,FLAT_REGIME_LOW,0.0,89701.8046875,10003.815790249631
2025-12-07 05:00:00+00:00,0.4760428817648826,0,FLAT_REGIME_LOW,0.0,89548.71875,10003.815790249631
2025-12-07 06:00:00+00:00,0.45950241854487683,0,FLAT_REGIME_LOW,0.0,89589.8359375,10003.815790249631
2025-12-07 07:00:00+00:00,0.46354177081541037,0,FLAT_REGIME_LOW,0.0,89631.171875,10003.815790249631
2025-12-07 08:00:00+00:00,0.4500833400489811,0,FLAT_REGIME_LOW,0.0,89299.140625,10003.815790249631
2025-12-07 09:00:00+00:00,0.46111890235951714,0,FLAT_REGIME_LOW,0.0,89372.5703125,10003.815790249631
2025-12-07 10:00:00+00:00,0.46046579485811173,0,FLAT_REGIME_LOW,0.0,89166.3828125,10003.815790249631
2025-12-07 10:00:00+00:00,0.46046579485811173,0,FLAT_REGIME_LOW,0.0,89295.9296875,10003.815790249631
2025-12-07 12:00:00+00:00,0.4666017690726785,0,FLAT_REGIME_LOW,0.0,89281.890625,10003.815790249631
2025-12-07 13:00:00+00:00,0.4701669076748335,0,FLAT_REGIME_LOW,0.0,89350.53125,10003.815790249631
2025-12-07 13:00:00+00:00,0.4694621930961569,0,FLAT_REGIME_LOW,0.0,89087.9453125,10003.815790249631
2025-12-07 15:00:00+00:00,0.41520990600173413,0,FLAT_REGIME_LOW,0.0,88206.3515625,10003.815790249631
2025-12-07 16:00:00+00:00,0.42859585540639517,0,FLAT_REGIME_LOW,0.0,89468.6015625,10003.815790249631
2025-12-07 16:00:00+00:00,0.4241988208098183,0,FLAT_REGIME_LOW,0.0,89675.546875,10003.815790249631
2025-12-07 18:00:00+00:00,0.5045245638956541,0,FLAT_REGIME_LOW,0.0,91347.40625,10003.815790249631
2025-12-07 18:00:00+00:00,0.5181910614333366,0,FLAT_REGIME_LOW,0.0,91344.1484375,10003.815790249631
2025-12-07 20:00:00+00:00,0.4582936315300034,0,FLAT_REGIME_LOW,0.0,91394.015625,10003.815790249631
2025-12-07 20:00:00+00:00,0.4581241137458601,0,FLAT_REGIME_LOW,0.0,91456.53125,10003.815790249631
2025-12-07 22:00:00+00:00,0.4340661066378716,0,FLAT_REGIME_LOW,0.0,89953.7109375,10003.815790249631
2025-12-07 22:00:00+00:00,0.4340661066378716,0,FLAT_REGIME_LOW,0.0,89670.59375,10003.815790249631
2025-12-08 00:00:00+00:00,0.4440380653045289,0,FLAT_REGIME_LOW,0.0,90444.4296875,10003.815790249631
2025-12-08 02:00:00+00:00,0.5091467257769359,0,FLAT_REGIME_LOW,0.0,90968.2421875,10003.815790249631
2025-12-08 03:00:00+00:00,0.48572219589302146,1,EXIT_TO_FLAT,0.0,91035.03125,10003.815790249631
2025-12-08 04:00:00+00:00,0.49298275925620455,0,FLAT_REGIME_LOW,0.0,91131.2578125,10003.815790249631
2025-12-08 05:00:00+00:00,0.4871090587630834,1,EXIT_TO_FLAT,0.0,91132.8046875,10003.815790249631
2025-12-08 06:00:00+00:00,0.48676681085041934,0,FLAT_REGIME_LOW,0.0,91387.765625,10003.815790249631
2025-12-08 07:00:00+00:00,0.5016150106214599,1,EXIT_TO_FLAT,0.0,91407.296875,10003.815790249631
2025-12-08 08:00:00+00:00,0.509115248898951,0,FLAT_REGIME_LOW,0.0,91576.75,10003.815790249631
2025-12-08 09:00:00+00:00,0.5147382124984219,0,FLAT_REGIME_LOW,0.0,92114.8203125,10003.815790249631
2025-12-08 10:00:00+00:00,0.5263301832780609,0,FLAT_REGIME_LOW,0.0,91909.1640625,10003.815790249631
2025-12-08 10:00:00+00:00,0.5122194277520314,0,FLAT_REGIME_LOW,0.0,92147.109375,10003.815790249631
2025-12-08 12:00:00+00:00,0.4956370281205198,0,FLAT_REGIME_LOW,0.0,91820.875,10003.815790249631
2025-12-08 13:00:00+00:00,0.4923529143003008,1,EXIT_TO_FLAT,0.0,91586.640625,10003.815790249631
2025-12-08 14:00:00+00:00,0.48973180495314206,1,EXIT_TO_FLAT,0.0,91562.9765625,10003.815790249631
2025-12-08 15:00:00+00:00,0.49080924982640767,1,EXIT_TO_FLAT,0.0,90771.6640625,10003.815790249631
2025-12-08 16:00:00+00:00,0.4904775611637316,1,EXIT_TO_FLAT,0.0,90068.3359375,10003.815790249631
2025-12-08 17:00:00+00:00,0.5116884670376728,1,EXIT_TO_FLAT,0.0,90093.484375,10003.815790249631
2025-12-08 18:00:00+00:00,0.5065239132063947,1,EXIT_TO_FLAT,0.0,90394.2109375,10003.815790249631
2025-12-08 18:00:00+00:00,0.5042767852788125,1,EXIT_TO_FLAT,0.0,89760.9296875,10003.815790249631
2025-12-08 20:00:00+00:00,0.5087956677875283,1,EXIT_TO_FLAT,0.0,90386.9375,10003.815790249631
2025-12-08 21:00:00+00:00,0.5074643912140121,1,EXIT_TO_FLAT,0.0,90938.6171875,10003.815790249631
2025-12-08 22:00:00+00:00,0.5007582294468403,1,EXIT_TO_FLAT,0.0,91256.390625,10003.815790249631
2025-12-08 23:00:00+00:00,0.4752228513369239,1,EXIT_TO_FLAT,0.0,90970.8984375,10003.815790249631
2025-12-09 00:00:00+00:00,0.47623986004474467,1,EXIT_TO_FLAT,0.0,90522.8203125,10003.815790249631
2025-12-09 02:00:00+00:00,0.4438623418033264,1,EXIT_TO_FLAT,0.0,90214.7265625,10003.815790249631
2025-12-09 03:00:00+00:00,0.4907773794895412,1,EXIT_TO_FLAT,0.0,90396.2734375,10003.815790249631
2025-12-09 04:00:00+00:00,0.5111838433347715,1,EXIT_TO_FLAT,0.0,90474.7421875,10003.815790249631
2025-12-09 05:00:00+00:00,0.524065711907936,1,EXIT_TO_FLAT,0.0,89909.5234375,10003.815790249631
2025-12-09 06:00:00+00:00,0.5177080073722264,1,EXIT_TO_FLAT,0.0,89968.1796875,10003.815790249631
2025-12-09 07:00:00+00:00,0.5003736181426882,1,EXIT_TO_FLAT,0.0,90160.8046875,10003.815790249631
2025-12-09 08:00:00+00:00,0.5054369186060247,1,EXIT_TO_FLAT,0.0,90543.078125,10003.815790249631
2025-12-09 09:00:00+00:00,0.510569115713493,1,EXIT_TO_FLAT,0.0,90420.484375,10003.815790249631
2025-12-09 10:00:00+00:00,0.5148162701183399,1,EXIT_TO_FLAT,0.0,90116.546875,10003.815790249631
2025-12-09 11:00:00+00:00,0.5194591760768484,1,EXIT_TO_FLAT,0.0,90330.8828125,10003.815790249631
2025-12-09 12:00:00+00:00,0.5163688400023994,1,EXIT_TO_FLAT,0.0,90363.2265625,10003.815790249631
2025-12-09 13:00:00+00:00,0.5187077780770915,1,EXIT_TO_FLAT,0.0,90681.5078125,10003.815790249631
2025-12-09 14:00:00+00:00,0.5188884634071935,1,EXIT_TO_FLAT,0.0,90503.2578125,10003.815790249631
2025-12-09 15:00:00+00:00,0.5084209491239184,1,EXIT_TO_FLAT,0.0,91062.0625,10003.815790249631
2025-12-09 16:00:00+00:00,0.5056713965415814,1,EXIT_TO_FLAT,0.0,93084.0390625,10003.815790249631
2025-12-09 17:00:00+00:00,0.5321011168909975,1,HOLD,0.0,94487.96875,10003.815790249631
2025-12-09 18:00:00+00:00,0.49519936767013206,1,EXIT_TO_FLAT,0.0,93688.421875,10003.815790249631
2025-12-09 19:00:00+00:00,0.43020912980418796,1,EXIT_TO_FLAT,0.0,93936.5625,10003.815790249631
2025-12-09 20:00:00+00:00,0.3942476204809197,1,EXIT_TO_FLAT,0.0,93676.03125,10003.815790249631
2025-12-09 20:00:00+00:00,0.3942476204809197,1,EXIT_TO_FLAT,0.0,93102.7734375,10003.815790249631
2025-12-09 22:00:00+00:00,0.48571624049568546,1,EXIT_TO_FLAT,0.0,92748.546875,10003.815790249631
2025-12-09 23:00:00+00:00,0.5213207156015356,1,EXIT_TO_FLAT,0.0,92718.84375,10003.815790249631
2025-12-10 00:00:00+00:00,0.42180698941877526,1,EXIT_TO_FLAT,0.0,92480.5546875,10003.815790249631
2025-12-10 02:00:00+00:00,0.5244031763718496,1,EXIT_TO_FLAT,0.0,92385.6171875,10003.815790249631
2025-12-10 03:00:00+00:00,0.5089214072493404,1,EXIT_TO_FLAT,0.0,92431.078125,10003.815790249631
2025-12-10 04:00:00+00:00,0.5215979476098832,1,EXIT_TO_FLAT,0.0,92636.015625,10003.815790249631
2025-12-10 05:00:00+00:00,0.5300663468066167,1,HOLD,0.0,92587.6796875,10003.815790249631
2025-12-10 06:00:00+00:00,0.5447162176060827,1,HOLD,0.0,92581.90625,10003.815790249631
2025-12-10 07:00:00+00:00,0.5528601473205971,1,HOLD,0.0,92609.2890625,10003.815790249631
2025-12-10 08:00:00+00:00,0.5526466339315244,1,HOLD,0.0,92718.0,10003.815790249631
2025-12-10 09:00:00+00:00,0.549270234139038,1,HOLD,0.0,92636.046875,10003.815790249631
2025-12-10 10:00:00+00:00,0.5289647441220483,1,EXIT_TO_FLAT,0.0,93018.640625,10003.815790249631
2025-12-10 10:00:00+00:00,0.5266836030271833,1,EXIT_TO_FLAT,0.0,92388.03125,10003.815790249631
2025-12-10 12:00:00+00:00,0.522110872076302,1,EXIT_TO_FLAT,0.0,92053.796875,10003.815790249631
2025-12-10 13:00:00+00:00,0.5259636169162977,1,EXIT_TO_FLAT,0.0,92208.6171875,10003.815790249631
2025-12-10 14:00:00+00:00,0.5240911260649179,1,EXIT_TO_FLAT,0.0,92035.296875,10003.815790249631
2025-12-10 15:00:00+00:00,0.5227685415398395,1,EXIT_TO_FLAT,0.0,92014.03125,10003.815790249631
2025-12-10 16:00:00+00:00,0.5335734158459079,1,HOLD,0.0,92156.0625,10003.815790249631
2025-12-10 17:00:00+00:00,0.5296777878898994,1,EXIT_TO_FLAT,0.0,92140.125,10003.815790249631
2025-12-10 18:00:00+00:00,0.526516346809949,1,EXIT_TO_FLAT,0.0,92474.3046875,10003.815790249631
2025-12-10 19:00:00+00:00,0.5285967923657942,1,EXIT_TO_FLAT,0.0,92177.6171875,10003.815790249631
2025-12-10 20:00:00+00:00,0.5169820929345865,1,EXIT_TO_FLAT,0.0,93030.265625,10003.815790249631
2025-12-10 21:00:00+00:00,0.5192546394210696,1,EXIT_TO_FLAT,0.0,92038.0234375,10003.815790249631
2025-12-10 22:00:00+00:00,0.5050041590437021,1,EXIT_TO_FLAT,0.0,92530.203125,10003.815790249631
2025-12-10 23:00:00+00:00,0.4936785332876144,1,EXIT_TO_FLAT,0.0,92530.5703125,10003.815790249631
2025-12-11 00:00:00+00:00,0.5151707996773449,1,EXIT_TO_FLAT,0.0,91268.9453125,10003.815790249631
2025-12-11 02:00:00+00:00,0.46766373680005974,1,EXIT_TO_FLAT,0.0,90226.7421875,10003.815790249631
2025-12-11 03:00:00+00:00,0.4667250209692738,1,EXIT_TO_FLAT,0.0,89900.375,10003.815790249631
2025-12-11 04:00:00+00:00,0.4894479997223476,1,EXIT_TO_FLAT,0.0,90028.6015625,10003.815790249631
2025-12-11 05:00:00+00:00,0.4953591315582758,1,EXIT_TO_FLAT,0.0,90263.3359375,10003.815790249631
2025-12-11 06:00:00+00:00,0.501557176574072,1,EXIT_TO_FLAT,0.0,90287.953125,10003.815790249631
2025-12-11 07:00:00+00:00,0.5099704801841576,1,EXIT_TO_FLAT,0.0,90226.5,10003.815790249631
2025-12-11 08:00:00+00:00,0.49593670227875536,1,EXIT_TO_FLAT,0.0,90049.09375,10003.815790249631
2025-12-11 09:00:00+00:00,0.5148703688866039,1,EXIT_TO_FLAT,0.0,90263.4375,10003.815790249631
2025-12-11 10:00:00+00:00,0.5193273196844825,1,EXIT_TO_FLAT,0.0,90284.4296875,10003.815790249631
2025-12-11 11:00:00+00:00,0.5359380417835952,1,HOLD,0.0,90346.34375,10003.815790249631
2025-12-11 12:00:00+00:00,0.5431860478577941,1,HOLD,0.0,90228.4375,10003.815790249631
2025-12-11 13:00:00+00:00,0.5392583237893364,1,HOLD,0.0,90116.9453125,10003.815790249631
2025-12-11 14:00:00+00:00,0.5314144539564207,1,HOLD,0.0,90075.6484375,10003.815790249631
2025-12-11 15:00:00+00:00,0.5249961909214537,0,FLAT_REGIME_LOW,0.0,90110.5234375,10003.815790249631
2025-12-11 16:00:00+00:00,0.5116462551071007,0,FLAT_REGIME_LOW,0.0,89471.03125,10003.815790249631
2025-12-11 17:00:00+00:00,0.5214977638510113,0,FLAT_REGIME_LOW,0.0,89871.578125,10003.815790249631
2025-12-11 18:00:00+00:00,0.5095083075525072,0,FLAT_REGIME_LOW,0.0,90228.2890625,10003.815790249631
2025-12-11 19:00:00+00:00,0.5002053101238962,0,FLAT_REGIME_LOW,0.0,90726.78125,10003.815790249631
2025-12-11 20:00:00+00:00,0.5063287317067373,0,FLAT_REGIME_LOW,0.0,91221.390625,10003.815790249631
2025-12-11 21:00:00+00:00,0.49427052999689464,0,FLAT_REGIME_LOW,0.0,92018.2421875,10003.815790249631
2025-12-11 22:00:00+00:00,0.5345504086551869,0,FLAT_REGIME_LOW,0.0,92932.4296875,10003.815790249631
2025-12-11 23:00:00+00:00,0.5195090957330208,0,FLAT_REGIME_LOW,0.0,92561.125,10003.815790249631
2025-12-12 00:00:00+00:00,0.5232224958336936,0,FLAT_REGIME_LOW,0.0,92389.46875,10003.815790249631
2025-12-12 02:00:00+00:00,0.4499185591291692,0,FLAT_REGIME_LOW,0.0,92459.921875,10003.815790249631
2025-12-12 03:00:00+00:00,0.4493771877892534,0,FLAT_REGIME_LOW,0.0,92367.3671875,10003.815790249631
2025-12-12 04:00:00+00:00,0.49946530367933983,0,FLAT_REGIME_LOW,0.0,92185.8046875,10003.815790249631
2025-12-12 05:00:00+00:00,0.489771924874688,0,FLAT_REGIME_LOW,0.0,92454.7578125,10003.815790249631
2025-12-12 06:00:00+00:00,0.4930851167216362,0,FLAT_REGIME_LOW,0.0,92642.375,10003.815790249631
2025-12-12 07:00:00+00:00,0.4946560993047402,0,FLAT_REGIME_LOW,0.0,92531.8671875,10003.815790249631
2025-12-12 08:00:00+00:00,0.5092007870420999,0,FLAT_REGIME_LOW,0.0,92447.4609375,10003.815790249631
2025-12-12 09:00:00+00:00,0.5144937486808758,0,FLAT_REGIME_LOW,0.0,92297.1796875,10003.815790249631
2025-12-12 10:00:00+00:00,0.5113137951127964,0,FLAT_REGIME_LOW,0.0,92593.8125,10003.815790249631
2025-12-12 11:00:00+00:00,0.5225816675423199,0,FLAT_REGIME_LOW,0.0,92460.328125,10003.815790249631
2025-12-12 12:00:00+00:00,0.5287897104243114,0,FLAT_REGIME_LOW,0.0,92279.484375,10003.815790249631
2025-12-12 13:00:00+00:00,0.5009542818706885,0,FLAT_REGIME_LOW,0.0,92456.0703125,10003.815790249631
2025-12-12 13:00:00+00:00,0.51471511927502,0,FLAT_REGIME_LOW,0.0,92323.40625,10003.815790249631
2025-12-12 15:00:00+00:00,0.48456550751334393,0,FLAT_REGIME_LOW,0.0,92022.6875,10003.815790249631
2025-12-12 16:00:00+00:00,0.45539149336653156,1,EXIT_TO_FLAT,0.0,89909.6875,10003.815790249631
2025-12-12 17:00:00+00:00,0.43370029310125896,1,EXIT_TO_FLAT,0.0,90142.96875,10003.815790249631
2025-12-12 18:00:00+00:00,0.41211135344415434,1,EXIT_TO_FLAT,0.0,90366.9296875,10003.815790249631
2025-12-12 19:00:00+00:00,0.48195544369218524,1,EXIT_TO_FLAT,0.0,90210.71875,10003.815790249631
2025-12-12 20:00:00+00:00,0.476780189678213,1,EXIT_TO_FLAT,0.0,90161.6640625,10003.815790249631
2025-12-12 21:00:00+00:00,0.491153226649324,1,EXIT_TO_FLAT,0.0,90260.375,10003.815790249631
2025-12-12 22:00:00+00:00,0.528272645778401,1,EXIT_TO_FLAT,0.0,90217.953125,10003.815790249631
2025-12-12 23:00:00+00:00,0.5348722703779857,1,HOLD,0.0,90389.6015625,10003.815790249631
2025-12-13 00:00:00+00:00,0.5352520864658381,1,HOLD,0.0,90338.5,10003.815790249631
2025-12-13 02:00:00+00:00,0.5373748959389432,1,HOLD,0.0,90314.421875,10003.815790249631
2025-12-13 03:00:00+00:00,0.5377284818020146,1,HOLD,0.0,90383.1796875,10003.815790249631
2025-12-13 04:00:00+00:00,0.5358507495855374,1,HOLD,0.0,90321.3828125,10003.815790249631
2025-12-13 05:00:00+00:00,0.5426325392379402,1,HOLD,0.0,90375.3515625,10003.815790249631
2025-12-13 06:00:00+00:00,0.5162883636213741,1,EXIT_TO_FLAT,0.0,90321.7578125,10003.815790249631
2025-12-13 06:00:00+00:00,0.5178492153199977,1,EXIT_TO_FLAT,0.0,90368.75,10003.815790249631
2025-12-13 08:00:00+00:00,0.523439720052779,1,EXIT_TO_FLAT,0.0,90346.65625,10003.815790249631
2025-12-13 09:00:00+00:00,0.5151272782189403,1,EXIT_TO_FLAT,0.0,90482.5078125,10003.815790249631
2025-12-13 10:00:00+00:00,0.521104499188111,1,EXIT_TO_FLAT,0.0,90509.609375,10003.815790249631
2025-12-13 11:00:00+00:00,0.5202834599831652,1,EXIT_TO_FLAT,0.0,90621.734375,10003.815790249631
2025-12-13 12:00:00+00:00,0.5345022356765334,1,HOLD,0.0,90486.5625,10003.815790249631
2025-12-13 13:00:00+00:00,0.5348459704887728,1,HOLD,0.0,90368.53125,10003.815790249631
2025-12-13 14:00:00+00:00,0.5391418786276821,1,HOLD,0.0,90272.625,10003.815790249631
2025-12-13 15:00:00+00:00,0.5383690390316913,1,HOLD,0.0,90186.2734375,10003.815790249631
2025-12-13 16:00:00+00:00,0.47065617945338406,1,EXIT_TO_FLAT,0.0,90224.7734375,10003.815790249631
2025-12-13 16:00:00+00:00,0.4694722235779295,1,EXIT_TO_FLAT,0.0,90115.046875,10003.815790249631
2025-12-13 18:00:00+00:00,0.4971339482562416,1,EXIT_TO_FLAT,0.0,90149.1328125,10003.815790249631
2025-12-13 18:00:00+00:00,0.4971339482562416,1,EXIT_TO_FLAT,0.0,90131.875,10003.815790249631
2025-12-13 20:00:00+00:00,0.489614188276469,1,EXIT_TO_FLAT,0.0,90204.25,10003.815790249631
2025-12-13 20:00:00+00:00,0.489614188276469,1,EXIT_TO_FLAT,0.0,90107.0859375,10003.815790249631
2025-12-13 22:00:00+00:00,0.4886832213373228,0,FLAT_REGIME_LOW,0.0,90235.859375,10003.815790249631
2025-12-13 23:00:00+00:00,0.47532501859001103,0,FLAT_REGIME_LOW,0.0,90158.0859375,10003.815790249631
2025-12-14 00:00:00+00:00,0.4801337047391788,0,FLAT_REGIME_LOW,0.0,90490.1953125,10003.815790249631
2025-12-14 02:00:00+00:00,0.46995927734538373,0,FLAT_REGIME_LOW,0.0,90330.25,10003.815790249631
2025-12-14 03:00:00+00:00,0.47019037493464017,0,FLAT_REGIME_LOW,0.0,90290.7734375,10003.815790249631
2025-12-14 04:00:00+00:00,0.46517279380291626,0,FLAT_REGIME_LOW,0.0,90335.1640625,10003.815790249631
2025-12-14 05:00:00+00:00,0.4655031740493654,0,FLAT_REGIME_LOW,0.0,90170.59375,10003.815790249631
2025-12-14 06:00:00+00:00,0.49460551308083966,0,FLAT_REGIME_LOW,0.0,90213.5390625,10003.815790249631
2025-12-14 07:00:00+00:00,0.49598717652289137,0,FLAT_REGIME_LOW,0.0,90170.484375,10003.815790249631
2025-12-14 08:00:00+00:00,0.5033883320499845,0,FLAT_REGIME_LOW,0.0,90254.578125,10003.815790249631
2025-12-14 09:00:00+00:00,0.48818745683960174,0,FLAT_REGIME_LOW,0.0,90141.171875,10003.815790249631
2025-12-14 10:00:00+00:00,0.4804022121507287,0,FLAT_REGIME_LOW,0.0,90058.2109375,10003.815790249631
2025-12-14 10:00:00+00:00,0.48028739507200463,0,FLAT_REGIME_LOW,0.0,89864.765625,10003.815790249631
2025-12-14 12:00:00+00:00,0.4137357664128955,0,FLAT_REGIME_LOW,0.0,89433.984375,10003.815790249631
2025-12-14 13:00:00+00:00,0.42333682865832295,0,FLAT_REGIME_LOW,0.0,89286.171875,10003.815790249631
2025-12-14 14:00:00+00:00,0.4384524163296162,0,FLAT_REGIME_LOW,0.0,89459.328125,10003.815790249631
2025-12-14 15:00:00+00:00,0.46075343625968507,0,FLAT_REGIME_LOW,0.0,89057.0703125,10003.815790249631
2025-12-14 16:00:00+00:00,0.45398594801173175,0,FLAT_REGIME_LOW,0.0,89047.3203125,10003.815790249631
2025-12-14 17:00:00+00:00,0.4650729749085031,0,FLAT_REGIME_LOW,0.0,88847.890625,10003.815790249631
2025-12-14 18:00:00+00:00,0.47223651063765276,0,FLAT_REGIME_LOW,0.0,88927.4921875,10003.815790249631
2025-12-14 18:00:00+00:00,0.47223651063765276,0,FLAT_REGIME_LOW,0.0,89028.4609375,10003.815790249631
2025-12-14 20:00:00+00:00,0.48130596255037966,0,FLAT_REGIME_LOW,0.0,88707.0625,10003.815790249631
2025-12-14 21:00:00+00:00,0.4701357071878133,0,FLAT_REGIME_LOW,0.0,88567.578125,10003.815790249631
2025-12-14 22:00:00+00:00,0.4650203397803579,0,FLAT_REGIME_LOW,0.0,88551.4453125,10003.815790249631
2025-12-14 23:00:00+00:00,0.47535872451507477,0,FLAT_REGIME_LOW,0.0,88251.8984375,10003.815790249631
2025-12-15 00:00:00+00:00,0.4736834582661683,0,FLAT_REGIME_LOW,0.0,88260.0703125,10003.815790249631
2025-12-15 02:00:00+00:00,0.4667728784051567,0,FLAT_REGIME_LOW,0.0,89349.9140625,10003.815790249631
2025-12-15 03:00:00+00:00,0.48375038354590144,0,FLAT_REGIME_LOW,0.0,89292.8203125,10003.815790249631
2025-12-15 04:00:00+00:00,0.46961683758855366,0,FLAT_REGIME_LOW,0.0,89544.6875,10003.815790249631
2025-12-15 05:00:00+00:00,0.4561214846413967,0,FLAT_REGIME_LOW,0.0,89657.9296875,10003.815790249631
2025-12-15 06:00:00+00:00,0.4636747581587302,0,FLAT_REGIME_LOW,0.0,89508.28125,10003.815790249631
2025-12-15 07:00:00+00:00,0.4644075446339477,0,FLAT_REGIME_LOW,0.0,89544.40625,10003.815790249631
2025-12-15 08:00:00+00:00,0.4865171270956675,0,FLAT_REGIME_LOW,0.0,89694.1640625,10003.815790249631
2025-12-15 09:00:00+00:00,0.5050877228938592,0,FLAT_REGIME_LOW,0.0,89868.7265625,10003.815790249631
2025-12-15 10:00:00+00:00,0.5028246690566301,0,FLAT_REGIME_LOW,0.0,89849.8046875,10003.815790249631
2025-12-15 11:00:00+00:00,0.5080017653308251,0,FLAT_REGIME_LOW,0.0,89886.6015625,10003.815790249631
2025-12-15 12:00:00+00:00,0.4933537674181539,0,FLAT_REGIME_LOW,0.0,89603.9765625,10003.815790249631
2025-12-15 13:00:00+00:00,0.49658409401249937,0,FLAT_REGIME_LOW,0.0,89445.6015625,10003.815790249631
2025-12-15 14:00:00+00:00,0.49260335178583253,0,FLAT_REGIME_LOW,0.0,89577.8984375,10003.815790249631
2025-12-15 15:00:00+00:00,0.46787004147822514,0,FLAT_REGIME_LOW,0.0,87774.0703125,10003.815790249631
2025-12-15 16:00:00+00:00,0.43366385747039077,0,FLAT_REGIME_LOW,0.0,87009.7421875,10003.815790249631
2025-12-15 17:00:00+00:00,0.4384129895673776,0,FLAT_REGIME_LOW,0.0,86296.640625,10003.815790249631
2025-12-15 18:00:00+00:00,0.475624661950034,0,FLAT_REGIME_LOW,0.0,85947.5,10003.815790249631
2025-12-15 19:00:00+00:00,0.5011200245744679,0,FLAT_REGIME_LOW,0.0,86366.5546875,10003.815790249631
2025-12-15 20:00:00+00:00,0.5136392305182964,0,FLAT_REGIME_LOW,0.0,85906.953125,10003.815790249631
2025-12-15 21:00:00+00:00,0.5250478871438455,0,FLAT_REGIME_LOW,0.0,85688.2265625,10003.815790249631
2025-12-15 22:00:00+00:00,0.5032669871177962,0,FLAT_REGIME_LOW,0.0,86031.6328125,10003.815790249631
2025-12-15 23:00:00+00:00,0.5003644123415805,0,FLAT_REGIME_LOW,0.0,86312.0078125,10003.815790249631
2025-12-16 00:00:00+00:00,0.49999417428021276,0,FLAT_REGIME_LOW,0.0,86134.03125,10003.815790249631
2025-12-16 02:00:00+00:00,0.5105272471771686,0,FLAT_REGIME_LOW,0.0,86093.734375,10003.815790249631
2025-12-16 03:00:00+00:00,0.5021701596439335,0,FLAT_REGIME_LOW,0.0,85838.734375,10003.815790249631
2025-12-16 04:00:00+00:00,0.5292097109269972,0,FLAT_REGIME_LOW,0.0,85668.203125,10003.815790249631
2025-12-16 05:00:00+00:00,0.5264593805457349,0,FLAT_REGIME_LOW,0.0,85940.65625,10003.815790249631
2025-12-16 06:00:00+00:00,0.5221036000482255,0,FLAT_REGIME_LOW,0.0,86196.03125,10003.815790249631
2025-12-16 07:00:00+00:00,0.4922284624145157,0,FLAT_REGIME_LOW,0.0,86504.7421875,10003.815790249631
2025-12-16 08:00:00+00:00,0.5143873909470084,0,FLAT_REGIME_LOW,0.0,86176.125,10003.815790249631
2025-12-16 09:00:00+00:00,0.4915436463560107,0,FLAT_REGIME_LOW,0.0,86324.8671875,10003.815790249631
2025-12-16 10:00:00+00:00,0.4731912955266955,0,FLAT_REGIME_LOW,0.0,86348.6015625,10003.815790249631
2025-12-16 10:00:00+00:00,0.4731912955266955,0,FLAT_REGIME_LOW,0.0,87051.265625,10003.815790249631
2025-12-16 12:00:00+00:00,0.4931935788879746,0,FLAT_REGIME_LOW,0.0,87227.8984375,10003.815790249631
2025-12-16 13:00:00+00:00,0.5093211790567254,0,FLAT_REGIME_LOW,0.0,87348.34375,10003.815790249631
2025-12-16 14:00:00+00:00,0.4922882840840582,0,FLAT_REGIME_LOW,0.0,86828.1875,10003.815790249631
2025-12-16 15:00:00+00:00,0.4923750626894917,1,EXIT_TO_FLAT,0.0,87189.9296875,10003.815790249631
2025-12-16 16:00:00+00:00,0.4948948353690924,1,EXIT_TO_FLAT,0.0,87792.1796875,10003.815790249631
2025-12-16 17:00:00+00:00,0.5003417608661554,1,EXIT_TO_FLAT,0.0,87764.4296875,10003.815790249631
2025-12-16 18:00:00+00:00,0.4913506905299275,1,EXIT_TO_FLAT,0.0,87424.375,10003.815790249631
2025-12-16 19:00:00+00:00,0.44497253405654946,1,EXIT_TO_FLAT,0.0,87472.625,10003.815790249631
2025-12-16 20:00:00+00:00,0.4504738226504221,1,EXIT_TO_FLAT,0.0,87595.921875,10003.815790249631
2025-12-16 21:00:00+00:00,0.47628998254368343,1,EXIT_TO_FLAT,0.0,87519.5078125,10003.815790249631
2025-12-16 22:00:00+00:00,0.4832530531275547,1,EXIT_TO_FLAT,0.0,87798.6796875,10003.815790249631
2025-12-16 22:00:00+00:00,0.48108836164496743,1,EXIT_TO_FLAT,0.0,87757.2109375,10003.815790249631
2025-12-17 00:00:00+00:00,0.49070151100568293,1,EXIT_TO_FLAT,0.0,87458.6171875,10003.815790249631
2025-12-17 02:00:00+00:00,0.5099009803091986,1,EXIT_TO_FLAT,0.0,87284.015625,10003.815790249631
2025-12-17 03:00:00+00:00,0.4967820005985474,1,EXIT_TO_FLAT,0.0,87290.5,10003.815790249631
2025-12-17 04:00:00+00:00,0.5016062896256476,1,EXIT_TO_FLAT,0.0,87108.2578125,10003.815790249631
2025-12-17 05:00:00+00:00,0.5071031977706514,1,EXIT_TO_FLAT,0.0,86611.6640625,10003.815790249631
2025-12-17 06:00:00+00:00,0.4962061594326896,1,EXIT_TO_FLAT,0.0,86912.546875,10003.815790249631
2025-12-17 07:00:00+00:00,0.4938721081504033,1,EXIT_TO_FLAT,0.0,86663.2265625,10003.815790249631
2025-12-17 08:00:00+00:00,0.5025977650488335,1,EXIT_TO_FLAT,0.0,86858.28125,10003.815790249631
2025-12-17 09:00:00+00:00,0.4944018101702492,1,EXIT_TO_FLAT,0.0,86433.546875,10003.815790249631
2025-12-17 10:00:00+00:00,0.47589187872094724,1,EXIT_TO_FLAT,0.0,86367.546875,10003.815790249631
2025-12-17 10:00:00+00:00,0.48379370312331327,1,EXIT_TO_FLAT,0.0,86582.0234375,10003.815790249631
2025-12-17 12:00:00+00:00,0.4923987078428639,1,EXIT_TO_FLAT,0.0,87097.21875,10003.815790249631
2025-12-17 13:00:00+00:00,0.4921326394684852,1,EXIT_TO_FLAT,0.0,86922.96875,10003.815790249631
2025-12-17 14:00:00+00:00,0.4844951860446427,0,FLAT_REGIME_LOW,0.0,87494.1796875,10003.815790249631
2025-12-17 15:00:00+00:00,0.5185196904832696,1,EXIT_TO_FLAT,0.0,90016.40625,10003.815790249631
2025-12-17 16:00:00+00:00,0.5052994228157007,1,EXIT_TO_FLAT,0.0,87588.2890625,10003.815790249631
2025-12-17 17:00:00+00:00,0.4487605875368708,1,EXIT_TO_FLAT,0.0,86681.0703125,10003.815790249631
2025-12-17 18:00:00+00:00,0.3976719739296994,1,EXIT_TO_FLAT,0.0,86556.09375,10003.815790249631
2025-12-17 19:00:00+00:00,0.44340614177586346,1,EXIT_TO_FLAT,0.0,85386.3046875,10003.815790249631
2025-12-17 20:00:00+00:00,0.46475463244774884,1,EXIT_TO_FLAT,0.0,85713.3046875,10003.815790249631
2025-12-17 21:00:00+00:00,0.5346160236475513,1,HOLD,0.0,85978.1875,10003.815790249631
2025-12-17 22:00:00+00:00,0.5480994531875748,1,HOLD,0.0,85907.859375,10003.815790249631
2025-12-17 23:00:00+00:00,0.5374778565622372,1,HOLD,0.0,86188.3515625,10003.815790249631
2025-12-18 00:00:00+00:00,0.5390733543203109,1,HOLD,0.0,86253.9765625,10003.815790249631
2025-12-18 02:00:00+00:00,0.5306656276153686,1,HOLD,0.0,86344.2890625,10003.815790249631
2025-12-18 03:00:00+00:00,0.5288533325386049,1,EXIT_TO_FLAT,0.0,86484.640625,10003.815790249631
2025-12-18 04:00:00+00:00,0.532411621475226,1,HOLD,0.0,86729.3828125,10003.815790249631
2025-12-18 05:00:00+00:00,0.5364297060158062,1,HOLD,0.0,86650.8828125,10003.815790249631
2025-12-18 06:00:00+00:00,0.5103665155668025,1,EXIT_TO_FLAT,0.0,86506.953125,10003.815790249631
2025-12-18 07:00:00+00:00,0.49357899448729786,1,EXIT_TO_FLAT,0.0,86717.1171875,10003.815790249631
2025-12-18 08:00:00+00:00,0.48576563019953284,1,EXIT_TO_FLAT,0.0,86682.3203125,10003.815790249631
2025-12-18 09:00:00+00:00,0.5027738627749038,1,EXIT_TO_FLAT,0.0,86845.3515625,10003.815790249631
2025-12-18 10:00:00+00:00,0.5072897319702782,1,EXIT_TO_FLAT,0.0,87356.1171875,10003.815790249631
2025-12-18 11:00:00+00:00,0.5092849564815958,1,EXIT_TO_FLAT,0.0,87128.1171875,10003.815790249631
2025-12-18 12:00:00+00:00,0.4996311620141412,1,EXIT_TO_FLAT,0.0,87128.2109375,10003.815790249631
2025-12-18 13:00:00+00:00,0.5062629756190171,1,EXIT_TO_FLAT,0.0,87595.03125,10003.815790249631
2025-12-18 14:00:00+00:00,0.5080139436155486,1,EXIT_TO_FLAT,0.0,88839.578125,10003.815790249631
2025-12-18 15:00:00+00:00,0.5253593484213797,1,EXIT_TO_FLAT,0.0,88561.6171875,10003.815790249631
2025-12-18 16:00:00+00:00,0.4965682878995248,1,EXIT_TO_FLAT,0.0,88420.2265625,10003.815790249631
2025-12-18 17:00:00+00:00,0.4436237028430315,1,EXIT_TO_FLAT,0.0,86613.0390625,10003.815790249631
2025-12-18 18:00:00+00:00,0.4744567831515412,1,EXIT_TO_FLAT,0.0,86683.296875,10003.815790249631
2025-12-18 19:00:00+00:00,0.4375573715742464,1,EXIT_TO_FLAT,0.0,85729.8125,10003.815790249631
2025-12-18 20:00:00+00:00,0.5130726742763444,1,EXIT_TO_FLAT,0.0,84907.8515625,10003.815790249631
2025-12-18 21:00:00+00:00,0.5130999608508398,1,EXIT_TO_FLAT,0.0,85003.5390625,10003.815790249631
2025-12-18 21:00:00+00:00,0.5130999608508398,1,EXIT_TO_FLAT,0.0,85610.6015625,10003.815790249631
2025-12-18 23:00:00+00:00,0.5441983763502422,1,HOLD,0.0,85455.2109375,10003.815790249631
2025-12-19 00:00:00+00:00,0.5187203530545147,1,EXIT_TO_FLAT,0.0,85268.421875,10003.815790249631
2025-12-19 02:00:00+00:00,0.505538472666091,1,EXIT_TO_FLAT,0.0,85510.59375,10003.815790249631
2025-12-19 03:00:00+00:00,0.5192236505809185,1,EXIT_TO_FLAT,0.0,87189.109375,10003.815790249631
2025-12-19 04:00:00+00:00,0.5383776833717158,1,HOLD,0.0,87142.5703125,10003.815790249631
2025-12-19 05:00:00+00:00,0.5241072233022165,1,EXIT_TO_FLAT,0.0,86861.7890625,10003.815790249631
2025-12-19 06:00:00+00:00,0.5186268244289216,1,EXIT_TO_FLAT,0.0,87025.28125,10003.815790249631
2025-12-19 07:00:00+00:00,0.48780066116853116,1,EXIT_TO_FLAT,0.0,87951.2265625,10003.815790249631
2025-12-19 08:00:00+00:00,0.49163302134150266,1,EXIT_TO_FLAT,0.0,88015.5546875,10003.815790249631
2025-12-19 09:00:00+00:00,0.4905715708125337,1,EXIT_TO_FLAT,0.0,87954.7890625,10003.815790249631
2025-12-19 10:00:00+00:00,0.5127646665934141,1,EXIT_TO_FLAT,0.0,88102.2578125,10003.815790249631
2025-12-19 11:00:00+00:00,0.4977443159473311,1,EXIT_TO_FLAT,0.0,88146.3046875,10003.815790249631
2025-12-19 12:00:00+00:00,0.4982732720932324,1,EXIT_TO_FLAT,0.0,88148.546875,10003.815790249631
2025-12-19 13:00:00+00:00,0.4958012136563668,1,EXIT_TO_FLAT,0.0,87913.8203125,10003.815790249631
2025-12-19 14:00:00+00:00,0.5168481481027312,1,EXIT_TO_FLAT,0.0,88061.828125,10003.815790249631
2025-12-19 15:00:00+00:00,0.5239640141431852,1,EXIT_TO_FLAT,0.0,88039.3359375,10003.815790249631
2025-12-19 16:00:00+00:00,0.540045087910691,1,HOLD,0.0,88354.171875,10003.815790249631
2025-12-19 17:00:00+00:00,0.5383819334369435,1,HOLD,0.0,87934.984375,10003.815790249631
2025-12-19 18:00:00+00:00,0.5220923420096141,1,EXIT_TO_FLAT,0.0,87115.4453125,10003.815790249631
2025-12-19 19:00:00+00:00,0.5194190424864703,1,EXIT_TO_FLAT,0.0,87302.8828125,10003.815790249631
2025-12-19 20:00:00+00:00,0.49135240998025353,1,EXIT_TO_FLAT,0.0,87645.109375,10003.815790249631
2025-12-19 21:00:00+00:00,0.5068198304545993,1,EXIT_TO_FLAT,0.0,87861.6171875,10003.815790249631
2025-12-19 22:00:00+00:00,0.5072687532115795,1,EXIT_TO_FLAT,0.0,87779.5390625,10003.815790249631
2025-12-19 23:00:00+00:00,0.4857003035118477,1,EXIT_TO_FLAT,0.0,88227.8046875,10003.815790249631
2025-12-20 00:00:00+00:00,0.48992078008882756,1,EXIT_TO_FLAT,0.0,88041.0703125,10003.815790249631
2025-12-20 02:00:00+00:00,0.48668747123933925,1,EXIT_TO_FLAT,0.0,88068.984375,10003.815790249631
2025-12-20 03:00:00+00:00,0.49509895736365184,1,EXIT_TO_FLAT,0.0,88306.1640625,10003.815790249631
2025-12-20 04:00:00+00:00,0.5079261209718451,1,EXIT_TO_FLAT,0.0,88113.40625,10003.815790249631
2025-12-20 05:00:00+00:00,0.5370991302994552,1,HOLD,0.0,88289.015625,10003.815790249631
2025-12-20 06:00:00+00:00,0.5244903119198507,1,EXIT_TO_FLAT,0.0,88352.9375,10003.815790249631
2025-12-20 06:00:00+00:00,0.5229647333162564,1,EXIT_TO_FLAT,0.0,88255.421875,10003.815790249631
2025-12-20 08:00:00+00:00,0.5248648770233968,1,EXIT_TO_FLAT,0.0,88314.671875,10003.815790249631
2025-12-20 09:00:00+00:00,0.5261225172126333,1,EXIT_TO_FLAT,0.0,88236.203125,10003.815790249631
2025-12-20 10:00:00+00:00,0.5310671358442315,1,HOLD,0.0,88178.4375,10003.815790249631
2025-12-20 11:00:00+00:00,0.5342983865377916,1,HOLD,0.0,88115.53125,10003.815790249631
2025-12-20 12:00:00+00:00,0.5254481960231014,1,EXIT_TO_FLAT,0.0,88237.6171875,10003.815790249631
2025-12-20 13:00:00+00:00,0.5295770134954715,1,EXIT_TO_FLAT,0.0,88010.9921875,10003.815790249631
2025-12-20 14:00:00+00:00,0.5315168884490077,1,HOLD,0.0,88098.78125,10003.815790249631
2025-12-20 15:00:00+00:00,0.5269160116843972,1,EXIT_TO_FLAT,0.0,88168.6796875,10003.815790249631
2025-12-20 16:00:00+00:00,0.527245455770562,1,EXIT_TO_FLAT,0.0,88145.421875,10003.815790249631
2025-12-20 17:00:00+00:00,0.5293706666437602,0,FLAT_REGIME_LOW,0.0,88145.109375,10003.815790249631
2025-12-20 18:00:00+00:00,0.5319870148760113,0,FLAT_REGIME_LOW,0.0,88127.578125,10003.815790249631
2025-12-20 18:00:00+00:00,0.5319870148760113,0,FLAT_REGIME_LOW,0.0,88304.6328125,10003.815790249631
2025-12-20 20:00:00+00:00,0.5068579753628142,0,FLAT_REGIME_LOW,0.0,88184.859375,10003.815790249631
2025-12-20 21:00:00+00:00,0.5016745934076616,0,FLAT_REGIME_LOW,0.0,88246.015625,10003.815790249631
2025-12-20 22:00:00+00:00,0.49479693403798564,0,FLAT_REGIME_LOW,0.0,88185.5234375,10003.815790249631
2025-12-20 23:00:00+00:00,0.4779097131699061,0,FLAT_REGIME_LOW,0.0,88283.5234375,10003.815790249631
2025-12-21 00:00:00+00:00,0.46735335268314704,0,FLAT_REGIME_LOW,0.0,88302.5546875,10003.815790249631
2025-12-21 02:00:00+00:00,0.4591263311446733,0,FLAT_REGIME_LOW,0.0,87870.3671875,10003.815790249631
2025-12-21 03:00:00+00:00,0.4610270335714002,0,FLAT_REGIME_LOW,0.0,88034.9765625,10003.815790249631
2025-12-21 04:00:00+00:00,0.4571501126990725,0,FLAT_REGIME_LOW,0.0,88101.21875,10003.815790249631
2025-12-21 05:00:00+00:00,0.46885145313129256,0,FLAT_REGIME_LOW,0.0,88063.875,10003.815790249631
2025-12-21 06:00:00+00:00,0.47775098229949636,0,FLAT_REGIME_LOW,0.0,88115.765625,10003.815790249631
2025-12-21 07:00:00+00:00,0.47608781782071047,0,FLAT_REGIME_LOW,0.0,88089.1640625,10003.815790249631
2025-12-21 08:00:00+00:00,0.4963418720628879,0,FLAT_REGIME_LOW,0.0,88133.59375,10003.815790249631
2025-12-21 09:00:00+00:00,0.48354386242649994,0,FLAT_REGIME_LOW,0.0,88516.2890625,10003.815790249631
2025-12-21 10:00:00+00:00,0.4970546305456769,0,FLAT_REGIME_LOW,0.0,88882.140625,10003.815790249631
2025-12-21 11:00:00+00:00,0.4830834180548566,0,FLAT_REGIME_LOW,0.0,88562.9921875,10003.815790249631
2025-12-21 12:00:00+00:00,0.46684823230518996,0,FLAT_REGIME_LOW,0.0,88735.046875,10003.815790249631
2025-12-21 13:00:00+00:00,0.466329753152614,0,FLAT_REGIME_LOW,0.0,88203.109375,10003.815790249631
2025-12-21 14:00:00+00:00,0.45571166390549495,0,FLAT_REGIME_LOW,0.0,87901.0546875,10003.815790249631
2025-12-21 15:00:00+00:00,0.4523014304977554,0,FLAT_REGIME_LOW,0.0,87920.6796875,10003.815790249631
2025-12-21 16:00:00+00:00,0.46425027708075334,0,FLAT_REGIME_LOW,0.0,88084.4453125,10003.815790249631
2025-12-21 16:00:00+00:00,0.4679482646254938,0,FLAT_REGIME_LOW,0.0,88303.6875,10003.815790249631
2025-12-21 18:00:00+00:00,0.4714925091161313,0,FLAT_REGIME_LOW,0.0,88009.2109375,10003.815790249631
2025-12-21 18:00:00+00:00,0.47149250911613383,0,FLAT_REGIME_LOW,0.0,88386.703125,10003.815790249631
2025-12-21 20:00:00+00:00,0.4977181508006419,0,FLAT_REGIME_LOW,0.0,88432.0625,10003.815790249631
2025-12-21 20:00:00+00:00,0.4951831201700938,0,FLAT_REGIME_LOW,0.0,88216.046875,10003.815790249631
2025-12-21 22:00:00+00:00,0.49106327422834223,0,FLAT_REGIME_LOW,0.0,88165.21875,10003.815790249631
2025-12-21 23:00:00+00:00,0.49502049778078616,0,FLAT_REGIME_LOW,0.0,88498.765625,10003.815790249631
2025-12-22 00:00:00+00:00,0.49979930420933183,0,FLAT_REGIME_LOW,0.0,89077.90625,10003.815790249631
2025-12-22 02:00:00+00:00,0.4995056774933221,0,FLAT_REGIME_LOW,0.0,88505.5,10003.815790249631
2025-12-22 03:00:00+00:00,0.48996134480739234,0,FLAT_REGIME_LOW,0.0,88705.0859375,10003.815790249631
2025-12-22 04:00:00+00:00,0.48840050442260874,0,FLAT_REGIME_LOW,0.0,88838.234375,10003.815790249631
2025-12-22 05:00:00+00:00,0.5028927314286468,0,FLAT_REGIME_LOW,0.0,88841.734375,10003.815790249631
2025-12-22 06:00:00+00:00,0.5029725490449292,0,FLAT_REGIME_LOW,0.0,88720.234375,10003.815790249631
2025-12-22 07:00:00+00:00,0.49655073630676366,0,FLAT_REGIME_LOW,0.0,89087.8046875,10003.815790249631
2025-12-22 08:00:00+00:00,0.4910458034906775,0,FLAT_REGIME_LOW,0.0,89088.1640625,10003.815790249631
2025-12-22 09:00:00+00:00,0.5171466111536399,0,FLAT_REGIME_LOW,0.0,89342.0234375,10003.815790249631
2025-12-22 09:00:00+00:00,0.5071186393317536,0,FLAT_REGIME_LOW,0.0,89726.6015625,10003.815790249631
2025-12-22 11:00:00+00:00,0.4905540275674936,0,FLAT_REGIME_LOW,0.0,89771.03125,10003.815790249631
2025-12-22 12:00:00+00:00,0.4912093382450219,0,FLAT_REGIME_LOW,0.0,90087.2265625,10003.815790249631
2025-12-22 13:00:00+00:00,0.48552325929714213,0,FLAT_REGIME_LOW,0.0,89997.53125,10003.815790249631
2025-12-22 14:00:00+00:00,0.46921681391440123,0,FLAT_REGIME_LOW,0.0,90075.171875,10003.815790249631
2025-12-22 15:00:00+00:00,0.45887198332277834,0,FLAT_REGIME_LOW,0.0,90024.1640625,10003.815790249631
2025-12-22 16:00:00+00:00,0.44736113116433684,0,FLAT_REGIME_LOW,0.0,89808.390625,10003.815790249631
2025-12-22 17:00:00+00:00,0.45702623215217436,0,FLAT_REGIME_LOW,0.0,89280.125,10003.815790249631
2025-12-22 18:00:00+00:00,0.4785173731152008,0,FLAT_REGIME_LOW,0.0,89399.828125,10003.815790249631
2025-12-22 19:00:00+00:00,0.48997050455897073,0,FLAT_REGIME_LOW,0.0,88722.421875,10003.815790249631
2025-12-22 20:00:00+00:00,0.4927309987606111,0,FLAT_REGIME_LOW,0.0,88147.46875,10003.815790249631
2025-12-22 21:00:00+00:00,0.46451380312798074,0,FLAT_REGIME_LOW,0.0,88389.4453125,10003.815790249631
2025-12-22 22:00:00+00:00,0.46496578433275937,0,FLAT_REGIME_LOW,0.0,88218.5703125,10003.815790249631
2025-12-22 23:00:00+00:00,0.4878157127007845,0,FLAT_REGIME_LOW,0.0,88540.8125,10003.815790249631
2025-12-23 00:00:00+00:00,0.4674037897502739,0,FLAT_REGIME_LOW,0.0,88670.6875,10003.815790249631
2025-12-23 02:00:00+00:00,0.47715958407739306,0,FLAT_REGIME_LOW,0.0,88124.5703125,10003.815790249631
2025-12-23 03:00:00+00:00,0.5010995188335241,0,FLAT_REGIME_LOW,0.0,88137.859375,10003.815790249631
2025-12-23 04:00:00+00:00,0.48783739122699094,0,FLAT_REGIME_LOW,0.0,88258.203125,10003.815790249631
2025-12-23 05:00:00+00:00,0.5120099022423648,0,FLAT_REGIME_LOW,0.0,87887.3828125,10003.815790249631
2025-12-23 06:00:00+00:00,0.5113795363245649,0,FLAT_REGIME_LOW,0.0,87543.609375,10003.815790249631
2025-12-23 07:00:00+00:00,0.5241167626376837,0,FLAT_REGIME_LOW,0.0,87362.5859375,10003.815790249631
2025-12-23 08:00:00+00:00,0.5109305827840059,0,FLAT_REGIME_LOW,0.0,87559.6015625,10003.815790249631
2025-12-23 09:00:00+00:00,0.5164836814838053,0,FLAT_REGIME_LOW,0.0,87513.9140625,10003.815790249631
2025-12-23 10:00:00+00:00,0.5217030614952619,0,FLAT_REGIME_LOW,0.0,87474.046875,10003.815790249631
2025-12-23 11:00:00+00:00,0.5140007763469553,0,FLAT_REGIME_LOW,0.0,87638.3515625,10003.815790249631
2025-12-23 12:00:00+00:00,0.5137536015171282,0,FLAT_REGIME_LOW,0.0,87748.2421875,10003.815790249631
2025-12-23 13:00:00+00:00,0.5181036434181681,0,FLAT_REGIME_LOW,0.0,87623.8515625,10003.815790249631
2025-12-23 14:00:00+00:00,0.5204610496761085,0,FLAT_REGIME_LOW,0.0,87646.8046875,10003.815790249631
2025-12-23 15:00:00+00:00,0.4951605592783055,0,FLAT_REGIME_LOW,0.0,86938.3125,10003.815790249631
2025-12-23 16:00:00+00:00,0.45707908832614996,0,FLAT_REGIME_LOW,0.0,87741.75,10003.815790249631
2025-12-23 17:00:00+00:00,0.46195305251083557,0,FLAT_REGIME_LOW,0.0,88109.515625,10003.815790249631
2025-12-23 18:00:00+00:00,0.5041249313011975,0,FLAT_REGIME_LOW,0.0,87400.28125,10003.815790249631
2025-12-23 19:00:00+00:00,0.46214188802953005,0,FLAT_REGIME_LOW,0.0,87986.5,10003.815790249631
2025-12-23 20:00:00+00:00,0.4288591153740787,0,FLAT_REGIME_LOW,0.0,87518.4140625,10003.815790249631
2025-12-23 21:00:00+00:00,0.4589444960664018,0,FLAT_REGIME_LOW,0.0,87530.75,10003.815790249631
2025-12-23 22:00:00+00:00,0.4574502370166183,0,FLAT_REGIME_LOW,0.0,87688.8125,10003.815790249631
2025-12-23 23:00:00+00:00,0.48437245218563774,0,FLAT_REGIME_LOW,0.0,87301.765625,10003.815790249631
2025-12-24 00:00:00+00:00,0.48615129714698996,0,FLAT_REGIME_LOW,0.0,87421.2890625,10003.815790249631
2025-12-24 02:00:00+00:00,0.5229310683022759,0,FLAT_REGIME_LOW,0.0,87187.3984375,10003.815790249631
2025-12-24 03:00:00+00:00,0.5101856701755111,0,FLAT_REGIME_LOW,0.0,87297.234375,10003.815790249631
2025-12-24 04:00:00+00:00,0.492709551470657,0,FLAT_REGIME_LOW,0.0,87294.03125,10003.815790249631
2025-12-24 05:00:00+00:00,0.49470708086934195,0,FLAT_REGIME_LOW,0.0,87017.1953125,10003.815790249631
2025-12-24 06:00:00+00:00,0.5115142654990956,0,FLAT_REGIME_LOW,0.0,86895.5546875,10003.815790249631
2025-12-24 07:00:00+00:00,0.5076808276412824,0,FLAT_REGIME_LOW,0.0,86974.015625,10003.815790249631
2025-12-24 08:00:00+00:00,0.5161230890719767,0,FLAT_REGIME_LOW,0.0,86915.0625,10003.815790249631
2025-12-24 09:00:00+00:00,0.5262466153615052,0,FLAT_REGIME_LOW,0.0,86803.6484375,10003.815790249631
2025-12-24 10:00:00+00:00,0.5313873190048045,0,FLAT_REGIME_LOW,0.0,86894.7421875,10003.815790249631
2025-12-24 11:00:00+00:00,0.5179535464525713,0,FLAT_REGIME_LOW,0.0,87189.9375,10003.815790249631
2025-12-24 12:00:00+00:00,0.5235247268610175,0,FLAT_REGIME_LOW,0.0,87237.3046875,10003.815790249631
2025-12-24 13:00:00+00:00,0.5194033812599065,0,FLAT_REGIME_LOW,0.0,87265.0390625,10003.815790249631
2025-12-24 13:00:00+00:00,0.5194033812599065,0,FLAT_REGIME_LOW,0.0,87244.0390625,10003.815790249631
2025-12-24 15:00:00+00:00,0.4875887188460616,0,FLAT_REGIME_LOW,0.0,86861.7421875,10003.815790249631
2025-12-24 16:00:00+00:00,0.47293692885521915,0,FLAT_REGIME_LOW,0.0,87035.3046875,10003.815790249631
2025-12-24 17:00:00+00:00,0.4791466399280374,0,FLAT_REGIME_LOW,0.0,87257.4609375,10003.815790249631
2025-12-24 18:00:00+00:00,0.48444837341355884,0,FLAT_REGIME_LOW,0.0,87251.359375,10003.815790249631
2025-12-24 19:00:00+00:00,0.4833708869489848,0,FLAT_REGIME_LOW,0.0,87434.4453125,10003.815790249631
2025-12-24 20:00:00+00:00,0.4741534508088782,0,FLAT_REGIME_LOW,0.0,87499.515625,10003.815790249631
2025-12-24 21:00:00+00:00,0.4938222535551742,0,FLAT_REGIME_LOW,0.0,87570.703125,10003.815790249631
2025-12-24 22:00:00+00:00,0.4930301600791511,0,FLAT_REGIME_LOW,0.0,87676.1953125,10003.815790249631
2025-12-24 23:00:00+00:00,0.505715139085542,0,FLAT_REGIME_LOW,0.0,87790.4609375,10003.815790249631
2025-12-25 00:00:00+00:00,0.47447148729040534,0,FLAT_REGIME_LOW,0.0,87505.9375,10003.815790249631
2025-12-25 02:00:00+00:00,0.4604481639897532,0,FLAT_REGIME_LOW,0.0,87837.9140625,10003.815790249631
2025-12-25 03:00:00+00:00,0.46105270876458637,0,FLAT_REGIME_LOW,0.0,87768.4140625,10003.815790249631
2025-12-25 04:00:00+00:00,0.4799278064472546,0,FLAT_REGIME_LOW,0.0,87751.140625,10003.815790249631
2025-12-25 05:00:00+00:00,0.47359726678477143,0,FLAT_REGIME_LOW,0.0,87640.6015625,10003.815790249631
2025-12-25 06:00:00+00:00,0.47772386174086606,0,FLAT_REGIME_LOW,0.0,87649.1640625,10003.815790249631
2025-12-25 07:00:00+00:00,0.49827457560739263,0,FLAT_REGIME_LOW,0.0,87759.171875,10003.815790249631
2025-12-25 08:00:00+00:00,0.4885030224109882,0,FLAT_REGIME_LOW,0.0,87800.28125,10003.815790249631
2025-12-25 09:00:00+00:00,0.5049054157344681,0,FLAT_REGIME_LOW,0.0,87471.0546875,10003.815790249631
2025-12-25 10:00:00+00:00,0.5130976963706431,0,FLAT_REGIME_LOW,0.0,87419.0546875,10003.815790249631
2025-12-25 10:00:00+00:00,0.4998488886240939,0,FLAT_REGIME_LOW,0.0,87361.8828125,10003.815790249631
2025-12-25 12:00:00+00:00,0.5069106845282877,0,FLAT_REGIME_LOW,0.0,87441.921875,10003.815790249631
2025-12-25 13:00:00+00:00,0.4983035359708204,0,FLAT_REGIME_LOW,0.0,87396.0546875,10003.815790249631
2025-12-25 14:00:00+00:00,0.5034190045612502,0,FLAT_REGIME_LOW,0.0,87595.453125,10003.815790249631
2025-12-25 15:00:00+00:00,0.4957038702381242,0,FLAT_REGIME_LOW,0.0,87702.734375,10003.815790249631
2025-12-25 16:00:00+00:00,0.49309512134265143,0,FLAT_REGIME_LOW,0.0,88153.5546875,10003.815790249631
2025-12-25 17:00:00+00:00,0.48795729314816394,0,FLAT_REGIME_LOW,0.0,88019.9140625,10003.815790249631
2025-12-25 18:00:00+00:00,0.4801386031984568,0,FLAT_REGIME_LOW,0.0,88228.4765625,10003.815790249631
2025-12-25 19:00:00+00:00,0.4631738558935345,0,FLAT_REGIME_LOW,0.0,88162.265625,10003.815790249631
2025-12-25 20:00:00+00:00,0.4654782783339959,0,FLAT_REGIME_LOW,0.0,88050.265625,10003.815790249631
2025-12-25 21:00:00+00:00,0.44993567546524965,0,FLAT_REGIME_LOW,0.0,87791.484375,10003.815790249631
2025-12-25 22:00:00+00:00,0.48554261628749096,0,FLAT_REGIME_LOW,0.0,87790.359375,10003.815790249631
2025-12-25 23:00:00+00:00,0.5006128925064453,0,FLAT_REGIME_LOW,0.0,87550.0859375,10003.815790249631
2025-12-26 00:00:00+00:00,0.5041099298028986,0,FLAT_REGIME_LOW,0.0,86925.6484375,10003.815790249631
2025-12-26 02:00:00+00:00,0.4751209822938772,0,FLAT_REGIME_LOW,0.0,89163.796875,10003.815790249631
2025-12-26 03:00:00+00:00,0.46565910318691245,0,FLAT_REGIME_LOW,0.0,88765.1015625,10003.815790249631
2025-12-26 04:00:00+00:00,0.492192089405738,0,FLAT_REGIME_LOW,0.0,88672.1796875,10003.815790249631
2025-12-26 05:00:00+00:00,0.4706320375546225,0,FLAT_REGIME_LOW,0.0,88886.171875,10003.815790249631
2025-12-26 06:00:00+00:00,0.4219123184899091,0,FLAT_REGIME_LOW,0.0,89030.8671875,10003.815790249631
2025-12-26 07:00:00+00:00,0.4218394229275893,0,FLAT_REGIME_LOW,0.0,89120.046875,10003.815790249631
2025-12-26 08:00:00+00:00,0.44253624937348146,0,FLAT_REGIME_LOW,0.0,88515.6875,10003.815790249631
2025-12-26 09:00:00+00:00,0.4761623440387274,0,FLAT_REGIME_LOW,0.0,88620.4921875,10003.815790249631
2025-12-26 10:00:00+00:00,0.4673879396292982,0,FLAT_REGIME_LOW,0.0,88715.296875,10003.815790249631
2025-12-26 11:00:00+00:00,0.4952177709798254,0,FLAT_REGIME_LOW,0.0,88645.7734375,10003.815790249631
2025-12-26 12:00:00+00:00,0.5006807870750052,0,FLAT_REGIME_LOW,0.0,88599.015625,10003.815790249631
2025-12-26 13:00:00+00:00,0.4972664531085476,0,FLAT_REGIME_LOW,0.0,88727.875,10003.815790249631
2025-12-26 14:00:00+00:00,0.5008134878600641,0,FLAT_REGIME_LOW,0.0,88975.640625,10003.815790249631
2025-12-26 15:00:00+00:00,0.48478137231714735,0,FLAT_REGIME_LOW,0.0,87034.7890625,10003.815790249631
2025-12-26 16:00:00+00:00,0.46690468999639984,0,FLAT_REGIME_LOW,0.0,87116.8671875,10003.815790249631
2025-12-26 17:00:00+00:00,0.466848612469844,0,FLAT_REGIME_LOW,0.0,86933.4453125,10003.815790249631
2025-12-26 18:00:00+00:00,0.49809351135856106,1,EXIT_TO_FLAT,0.0,87218.234375,10003.815790249631
2025-12-26 18:00:00+00:00,0.49809351135856106,1,EXIT_TO_FLAT,0.0,87189.5859375,10003.815790249631
2025-12-26 20:00:00+00:00,0.5222228892740782,1,EXIT_TO_FLAT,0.0,87381.28125,10003.815790249631
2025-12-26 21:00:00+00:00,0.5227381767342645,1,EXIT_TO_FLAT,0.0,87593.6015625,10003.815790249631
2025-12-26 22:00:00+00:00,0.5221600299215852,1,EXIT_TO_FLAT,0.0,87483.3203125,10003.815790249631
2025-12-26 23:00:00+00:00,0.5126925164565481,0,FLAT_REGIME_LOW,0.0,87457.3984375,10003.815790249631
2025-12-27 00:00:00+00:00,0.5207710822818086,1,EXIT_TO_FLAT,0.0,87296.921875,10003.815790249631
2025-12-27 02:00:00+00:00,0.5151667455953312,0,FLAT_REGIME_LOW,0.0,87369.6484375,10003.815790249631
2025-12-27 03:00:00+00:00,0.527179073441973,0,FLAT_REGIME_LOW,0.0,87433.296875,10003.815790249631
2025-12-27 04:00:00+00:00,0.5361311322828185,0,FLAT_REGIME_LOW,0.0,87430.484375,10003.815790249631
2025-12-27 05:00:00+00:00,0.5120354429701264,0,FLAT_REGIME_LOW,0.0,87413.8515625,10003.815790249631
2025-12-27 06:00:00+00:00,0.5149118262320285,0,FLAT_REGIME_LOW,0.0,87480.203125,10003.815790249631
2025-12-27 07:00:00+00:00,0.5162742717811593,0,FLAT_REGIME_LOW,0.0,87469.1875,10003.815790249631
2025-12-27 08:00:00+00:00,0.5162947604117576,0,FLAT_REGIME_LOW,0.0,87538.4140625,10003.815790249631
2025-12-27 09:00:00+00:00,0.5164957733538096,0,FLAT_REGIME_LOW,0.0,87554.8359375,10003.815790249631
2025-12-27 10:00:00+00:00,0.5170949320424996,0,FLAT_REGIME_LOW,0.0,87541.671875,10003.815790249631
2025-12-27 10:00:00+00:00,0.5181708641040733,0,FLAT_REGIME_LOW,0.0,87456.3046875,10003.815790249631
2025-12-27 12:00:00+00:00,0.5202777579810522,0,FLAT_REGIME_LOW,0.0,87405.484375,10003.815790249631
2025-12-27 13:00:00+00:00,0.5223455958670183,0,FLAT_REGIME_LOW,0.0,87397.6484375,10003.815790249631
2025-12-27 14:00:00+00:00,0.5289166046194871,0,FLAT_REGIME_LOW,0.0,87393.109375,10003.815790249631
2025-12-27 15:00:00+00:00,0.5136989544903767,0,FLAT_REGIME_LOW,0.0,87464.140625,10003.815790249631
2025-12-27 16:00:00+00:00,0.5047245820604196,0,FLAT_REGIME_LOW,0.0,87500.8828125,10003.815790249631
2025-12-27 17:00:00+00:00,0.5131125925767225,0,FLAT_REGIME_LOW,0.0,87458.625,10003.815790249631
2025-12-27 18:00:00+00:00,0.503191083211798,0,FLAT_REGIME_LOW,0.0,87477.328125,10003.815790249631
2025-12-27 18:00:00+00:00,0.503191083211798,0,FLAT_REGIME_LOW,0.0,87437.3515625,10003.815790249631
2025-12-27 20:00:00+00:00,0.49256665613008704,0,FLAT_REGIME_LOW,0.0,87557.1328125,10003.815790249631
2025-12-27 20:00:00+00:00,0.49256665613008704,0,FLAT_REGIME_LOW,0.0,87495.8046875,10003.815790249631
2025-12-27 21:00:00+00:00,0.49258287070660217,0,FLAT_REGIME_LOW,0.0,87605.953125,10003.815790249631
2025-12-27 23:00:00+00:00,0.49698665058560676,0,FLAT_REGIME_LOW,0.0,87514.3203125,10003.815790249631
2025-12-28 00:00:00+00:00,0.4819879030297978,0,FLAT_REGIME_LOW,0.0,87834.6171875,10003.815790249631
2025-12-28 02:00:00+00:00,0.47382510144883144,0,FLAT_REGIME_LOW,0.0,87750.0703125,10003.815790249631
2025-12-28 04:00:00+00:00,0.4695668798472398,0,FLAT_REGIME_LOW,0.0,87670.59375,10003.815790249631
2025-12-28 05:00:00+00:00,0.47273760631094164,0,FLAT_REGIME_LOW,0.0,87630.1875,10003.815790249631
2025-12-28 06:00:00+00:00,0.5100896522709967,0,FLAT_REGIME_LOW,0.0,87621.9453125,10003.815790249631
2025-12-28 07:00:00+00:00,0.4957878366208998,0,FLAT_REGIME_LOW,0.0,87647.53125,10003.815790249631
2025-12-28 08:00:00+00:00,0.4984480966527704,0,FLAT_REGIME_LOW,0.0,87748.203125,10003.815790249631
2025-12-28 09:00:00+00:00,0.4937548402523652,0,FLAT_REGIME_LOW,0.0,87733.6015625,10003.815790249631
2025-12-28 10:00:00+00:00,0.5079410583123092,0,FLAT_REGIME_LOW,0.0,87872.1484375,10003.815790249631
2025-12-28 11:00:00+00:00,0.5015762332668032,0,FLAT_REGIME_LOW,0.0,87826.5546875,10003.815790249631
2025-12-28 12:00:00+00:00,0.5042690156292908,0,FLAT_REGIME_LOW,0.0,87768.6875,10003.815790249631
2025-12-28 13:00:00+00:00,0.49532275008245874,0,FLAT_REGIME_LOW,0.0,87762.84375,10003.815790249631
2025-12-28 14:00:00+00:00,0.490492468094538,0,FLAT_REGIME_LOW,0.0,87906.9375,10003.815790249631
2025-12-28 15:00:00+00:00,0.5041983360487369,0,FLAT_REGIME_LOW,0.0,87877.921875,10003.815790249631
2025-12-28 16:00:00+00:00,0.49982240686838003,0,FLAT_REGIME_LOW,0.0,87801.7421875,10003.815790249631
2025-12-28 17:00:00+00:00,0.5020127456231518,0,FLAT_REGIME_LOW,0.0,87755.7265625,10003.815790249631
2025-12-28 18:00:00+00:00,0.5020884661449141,0,FLAT_REGIME_LOW,0.0,87617.84375,10003.815790249631
2025-12-28 19:00:00+00:00,0.4919504058958742,0,FLAT_REGIME_LOW,0.0,87494.0,10003.815790249631
2025-12-28 20:00:00+00:00,0.49661434949489297,0,FLAT_REGIME_LOW,0.0,87440.1171875,10003.815790249631
2025-12-28 21:00:00+00:00,0.49898155442596104,0,FLAT_REGIME_LOW,0.0,87421.8984375,10003.815790249631
2025-12-28 21:00:00+00:00,0.49898155442596104,0,FLAT_REGIME_LOW,0.0,87498.96875,10003.815790249631
2025-12-28 23:00:00+00:00,0.4659821419329193,0,FLAT_REGIME_LOW,0.0,87707.390625,10003.815790249631
2025-12-29 00:00:00+00:00,0.4791191826275299,0,FLAT_REGIME_LOW,0.0,88228.3046875,10003.815790249631
2025-12-29 02:00:00+00:00,0.47383549768999056,0,FLAT_REGIME_LOW,0.0,89166.765625,10003.815790249631
2025-12-29 04:00:00+00:00,0.485912461347493,0,FLAT_REGIME_LOW,0.0,90010.4140625,10003.815790249631
2025-12-29 05:00:00+00:00,0.4844687537446982,0,FLAT_REGIME_LOW,0.0,90103.21875,10003.815790249631
2025-12-29 06:00:00+00:00,0.4573570729424735,0,FLAT_REGIME_LOW,0.0,89947.609375,10003.815790249631
2025-12-29 07:00:00+00:00,0.4311654620211251,0,FLAT_REGIME_LOW,0.0,89537.109375,10003.815790249631
2025-12-29 08:00:00+00:00,0.4100642287049936,0,FLAT_REGIME_LOW,0.0,89500.7109375,10003.815790249631
2025-12-29 09:00:00+00:00,0.4492153410358611,0,FLAT_REGIME_LOW,0.0,89401.2578125,10003.815790249631
2025-12-29 10:00:00+00:00,0.49350566018969383,0,FLAT_REGIME_LOW,0.0,88011.578125,10003.815790249631
2025-12-29 11:00:00+00:00,0.48601643528484645,0,FLAT_REGIME_LOW,0.0,87670.6171875,10003.815790249631
2025-12-29 12:00:00+00:00,0.4701872918351092,0,FLAT_REGIME_LOW,0.0,86760.265625,10003.815790249631
2025-12-29 13:00:00+00:00,0.5036664265124304,0,FLAT_REGIME_LOW,0.0,87198.8203125,10003.815790249631
2025-12-29 14:00:00+00:00,0.5094931314857744,0,FLAT_REGIME_LOW,0.0,87232.8515625,10003.815790249631
2025-12-29 15:00:00+00:00,0.5101873205537703,0,FLAT_REGIME_LOW,0.0,87208.09375,10003.815790249631
2025-12-29 16:00:00+00:00,0.5259826381291719,0,FLAT_REGIME_LOW,0.0,87646.2109375,10003.815790249631
2025-12-29 17:00:00+00:00,0.5287448254741762,0,FLAT_REGIME_LOW,0.0,87585.15625,10003.815790249631
2025-12-29 18:00:00+00:00,0.5235904089781077,0,FLAT_REGIME_LOW,0.0,87698.3515625,10003.815790249631
2025-12-29 19:00:00+00:00,0.506162825700655,0,FLAT_REGIME_LOW,0.0,87287.3828125,10003.815790249631
2025-12-29 20:00:00+00:00,0.5095215720340336,0,FLAT_REGIME_LOW,0.0,87403.9921875,10003.815790249631
2025-12-29 21:00:00+00:00,0.5064561104519153,0,FLAT_REGIME_LOW,0.0,87153.8203125,10003.815790249631
2025-12-29 22:00:00+00:00,0.5210255738632977,0,FLAT_REGIME_LOW,0.0,87130.78125,10003.815790249631
2025-12-29 23:00:00+00:00,0.5248840313116255,0,FLAT_REGIME_LOW,0.0,87252.53125,10003.815790249631
2025-12-30 00:00:00+00:00,0.5270559626747208,0,FLAT_REGIME_LOW,0.0,87015.3671875,10003.815790249631
2025-12-30 02:00:00+00:00,0.5242214622276468,0,FLAT_REGIME_LOW,0.0,87003.7890625,10003.815790249631
2025-12-30 03:00:00+00:00,0.537047768677711,0,FLAT_REGIME_LOW,0.0,87246.4921875,10003.815790249631
2025-12-30 04:00:00+00:00,0.5199237652321195,0,FLAT_REGIME_LOW,0.0,87337.8125,10003.815790249631
2025-12-30 05:00:00+00:00,0.5168408339444698,0,FLAT_REGIME_LOW,0.0,87217.734375,10003.815790249631
2025-12-30 06:00:00+00:00,0.5278753864931207,0,FLAT_REGIME_LOW,0.0,87212.671875,10003.815790249631
2025-12-30 07:00:00+00:00,0.5097342377573214,0,FLAT_REGIME_LOW,0.0,87393.9296875,10003.815790249631
2025-12-30 08:00:00+00:00,0.5131731596401345,0,FLAT_REGIME_LOW,0.0,87795.7578125,10003.815790249631
2025-12-30 09:00:00+00:00,0.521151678657065,0,FLAT_REGIME_LOW,0.0,87758.4453125,10003.815790249631
2025-12-30 10:00:00+00:00,0.5018143909161737,0,FLAT_REGIME_LOW,0.0,87929.15625,10003.815790249631
2025-12-30 11:00:00+00:00,0.4971243457215767,0,FLAT_REGIME_LOW,0.0,87814.1484375,10003.815790249631
2025-12-30 12:00:00+00:00,0.4859031407756841,0,FLAT_REGIME_LOW,0.0,87919.9609375,10003.815790249631
2025-12-30 13:00:00+00:00,0.4804649769800837,0,FLAT_REGIME_LOW,0.0,87987.71875,10003.815790249631
2025-12-30 14:00:00+00:00,0.4721138071905739,0,FLAT_REGIME_LOW,0.0,87862.0,10003.815790249631
2025-12-30 15:00:00+00:00,0.4850356786742621,0,FLAT_REGIME_LOW,0.0,88191.7109375,10003.815790249631
2025-12-30 16:00:00+00:00,0.48277761878481723,0,FLAT_REGIME_LOW,0.0,88873.2265625,10003.815790249631
2025-12-30 17:00:00+00:00,0.4771627421587517,0,FLAT_REGIME_LOW,0.0,88732.1015625,10003.815790249631
2025-12-30 18:00:00+00:00,0.44651895009318215,0,FLAT_REGIME_LOW,0.0,88220.796875,10003.815790249631
2025-12-30 19:00:00+00:00,0.4483957037547481,0,FLAT_REGIME_LOW,0.0,88091.0,10003.815790249631
2025-12-30 20:00:00+00:00,0.44712444637347987,0,FLAT_REGIME_LOW,0.0,88055.3125,10003.815790249631
2025-12-30 21:00:00+00:00,0.5075260826531299,0,FLAT_REGIME_LOW,0.0,87914.359375,10003.815790249631
2025-12-30 22:00:00+00:00,0.501636293000288,0,FLAT_REGIME_LOW,0.0,88285.015625,10003.815790249631
2025-12-30 23:00:00+00:00,0.5033121476676559,0,FLAT_REGIME_LOW,0.0,88318.5859375,10003.815790249631
2025-12-31 00:00:00+00:00,0.5187497528472292,0,FLAT_REGIME_LOW,0.0,88247.2890625,10003.815790249631
2025-12-31 02:00:00+00:00,0.4887968395186745,0,FLAT_REGIME_LOW,0.0,88492.1171875,10003.815790249631
2025-12-31 03:00:00+00:00,0.4940265268236077,0,FLAT_REGIME_LOW,0.0,88352.5859375,10003.815790249631
2025-12-31 04:00:00+00:00,0.5039786939042932,0,FLAT_REGIME_LOW,0.0,88310.359375,10003.815790249631
2025-12-31 05:00:00+00:00,0.5008756299488655,0,FLAT_REGIME_LOW,0.0,88266.8046875,10003.815790249631
2025-12-31 06:00:00+00:00,0.49142269667954697,0,FLAT_REGIME_LOW,0.0,88405.4375,10003.815790249631
2025-12-31 07:00:00+00:00,0.4895810687828638,0,FLAT_REGIME_LOW,0.0,88377.7578125,10003.815790249631
2025-12-31 08:00:00+00:00,0.4983694376191557,0,FLAT_REGIME_LOW,0.0,88604.8359375,10003.815790249631
2025-12-31 09:00:00+00:00,0.5059156817943317,0,FLAT_REGIME_LOW,0.0,88447.09375,10003.815790249631
2025-12-31 10:00:00+00:00,0.48820689735436307,0,FLAT_REGIME_LOW,0.0,88590.7265625,10003.815790249631
2025-12-31 11:00:00+00:00,0.4857902505906837,0,FLAT_REGIME_LOW,0.0,88803.96875,10003.815790249631
2025-12-31 12:00:00+00:00,0.4971435848713804,0,FLAT_REGIME_LOW,0.0,88834.3671875,10003.815790249631
2025-12-31 13:00:00+00:00,0.49746205349502154,0,FLAT_REGIME_LOW,0.0,88775.6484375,10003.815790249631
2025-12-31 14:00:00+00:00,0.48217636756202653,0,FLAT_REGIME_LOW,0.0,88870.671875,10003.815790249631
2025-12-31 15:00:00+00:00,0.48268997231512967,0,FLAT_REGIME_LOW,0.0,88246.8984375,10003.815790249631
2025-12-31 16:00:00+00:00,0.48021341216714714,0,FLAT_REGIME_LOW,0.0,87749.8359375,10003.815790249631
2025-12-31 17:00:00+00:00,0.4628468503124176,0,FLAT_REGIME_LOW,0.0,87530.6875,10003.815790249631
2025-12-31 18:00:00+00:00,0.48708462245792755,0,FLAT_REGIME_LOW,0.0,87783.0703125,10003.815790249631
2025-12-31 18:00:00+00:00,0.48609406007137457,0,FLAT_REGIME_LOW,0.0,87604.375,10003.815790249631
2025-12-31 20:00:00+00:00,0.515876129870696,0,FLAT_REGIME_LOW,0.0,87321.03125,10003.815790249631
2025-12-31 21:00:00+00:00,0.5076359184970476,0,FLAT_REGIME_LOW,0.0,87573.4296875,10003.815790249631
2025-12-31 22:00:00+00:00,0.5071076088110269,0,FLAT_REGIME_LOW,0.0,87650.3125,10003.815790249631
2025-12-31 23:00:00+00:00,0.5187796413794136,0,FLAT_REGIME_LOW,0.0,87542.5546875,10003.815790249631
2026-01-01 00:00:00+00:00,0.5137087317568871,0,FLAT_REGIME_LOW,0.0,87655.3671875,10003.815790249631
2026-01-01 02:00:00+00:00,0.5140246832067107,0,FLAT_REGIME_LOW,0.0,87773.671875,10003.815790249631
2026-01-01 04:00:00+00:00,0.508455311092093,0,FLAT_REGIME_LOW,0.0,87439.8125,10003.815790249631
2026-01-01 05:00:00+00:00,0.49151071358923604,0,FLAT_REGIME_LOW,0.0,87556.546875,10003.815790249631
2026-01-01 06:00:00+00:00,0.4808535463617749,0,FLAT_REGIME_LOW,0.0,87498.5078125,10003.815790249631
2026-01-01 07:00:00+00:00,0.4912646048766154,0,FLAT_REGIME_LOW,0.0,87516.34375,10003.815790249631
2026-01-01 08:00:00+00:00,0.5072552248532853,0,FLAT_REGIME_LOW,0.0,87618.4765625,10003.815790249631
2026-01-01 09:00:00+00:00,0.49477789681603107,0,FLAT_REGIME_LOW,0.0,87663.359375,10003.815790249631
2026-01-01 10:00:00+00:00,0.48486046231344454,0,FLAT_REGIME_LOW,0.0,87734.25,10003.815790249631
2026-01-01 10:00:00+00:00,0.48486046231344454,0,FLAT_REGIME_LOW,0.0,87716.8125,10003.815790249631
2026-01-01 12:00:00+00:00,0.4908941813755122,0,FLAT_REGIME_LOW,0.0,87863.8203125,10003.815790249631
2026-01-01 13:00:00+00:00,0.4905270352607515,0,FLAT_REGIME_LOW,0.0,87884.8515625,10003.815790249631
2026-01-01 14:00:00+00:00,0.4957968399255119,0,FLAT_REGIME_LOW,0.0,87760.5625,10003.815790249631
2026-01-01 15:00:00+00:00,0.48757319185340164,0,FLAT_REGIME_LOW,0.0,87849.0703125,10003.815790249631
2026-01-01 16:00:00+00:00,0.48559781628063625,0,FLAT_REGIME_LOW,0.0,87848.0859375,10003.815790249631
2026-01-01 17:00:00+00:00,0.4873776270515797,0,FLAT_REGIME_LOW,0.0,87882.453125,10003.815790249631
2026-01-01 18:00:00+00:00,0.48329598060621276,0,FLAT_REGIME_LOW,0.0,88105.8828125,10003.815790249631
2026-01-01 19:00:00+00:00,0.4886768657415682,0,FLAT_REGIME_LOW,0.0,88045.4921875,10003.815790249631
2026-01-01 20:00:00+00:00,0.47133917435180545,0,FLAT_REGIME_LOW,0.0,88213.4453125,10003.815790249631
2026-01-01 21:00:00+00:00,0.4701836234551253,0,FLAT_REGIME_LOW,0.0,88142.515625,10003.815790249631
2026-01-01 22:00:00+00:00,0.46780090298262816,0,FLAT_REGIME_LOW,0.0,88357.4609375,10003.815790249631
2026-01-01 23:00:00+00:00,0.4562430805040966,0,FLAT_REGIME_LOW,0.0,88378.5078125,10003.815790249631
2026-01-02 00:00:00+00:00,0.4762887907957888,0,FLAT_REGIME_LOW,0.0,88537.15625,10003.815790249631
2026-01-02 02:00:00+00:00,0.46531946468151436,0,FLAT_REGIME_LOW,0.0,88412.4453125,10003.815790249631
2026-01-02 03:00:00+00:00,0.46032444212741347,0,FLAT_REGIME_LOW,0.0,88940.1484375,10003.815790249631
2026-01-02 04:00:00+00:00,0.45888007071668524,0,FLAT_REGIME_LOW,0.0,88669.25,10003.815790249631
2026-01-02 05:00:00+00:00,0.46976589456368845,0,FLAT_REGIME_LOW,0.0,88592.296875,10003.815790249631
2026-01-02 06:00:00+00:00,0.47064840440949907,0,FLAT_REGIME_LOW,0.0,88698.640625,10003.815790249631
2026-01-02 07:00:00+00:00,0.45425194569001914,0,FLAT_REGIME_LOW,0.0,88915.5625,10003.815790249631
2026-01-02 08:00:00+00:00,0.4723361639622013,0,FLAT_REGIME_LOW,0.0,88878.7890625,10003.815790249631
2026-01-02 09:00:00+00:00,0.4536724661919011,0,FLAT_REGIME_LOW,0.0,89103.1796875,10003.815790249631
2026-01-02 10:00:00+00:00,0.4600146088105523,0,FLAT_REGIME_LOW,0.0,89599.734375,10003.815790249631
2026-01-02 11:00:00+00:00,0.4864671623857365,0,FLAT_REGIME_LOW,0.0,89522.5703125,10003.815790249631
2026-01-02 12:00:00+00:00,0.48195159760143474,0,FLAT_REGIME_LOW,0.0,89387.4609375,10003.815790249631
2026-01-02 13:00:00+00:00,0.4654072369646827,0,FLAT_REGIME_LOW,0.0,89557.453125,10003.815790249631
2026-01-02 14:00:00+00:00,0.4580898687107082,0,FLAT_REGIME_LOW,0.0,89268.171875,10003.815790249631
2026-01-02 15:00:00+00:00,0.4624977577571117,0,FLAT_REGIME_LOW,0.0,89309.875,10003.815790249631
2026-01-02 16:00:00+00:00,0.4744675710659672,0,FLAT_REGIME_LOW,0.0,89398.28125,10003.815790249631
2026-01-02 17:00:00+00:00,0.4667652403889577,0,FLAT_REGIME_LOW,0.0,90647.3671875,10003.815790249631
2026-01-02 18:00:00+00:00,0.464553434713094,0,FLAT_REGIME_LOW,0.0,90272.0,10003.815790249631
2026-01-02 18:00:00+00:00,0.472410732269104,0,FLAT_REGIME_LOW,0.0,89776.4609375,10003.815790249631
2026-01-02 20:00:00+00:00,0.4349622585530145,0,FLAT_REGIME_LOW,0.0,89833.75,10003.815790249631
2026-01-02 21:00:00+00:00,0.4402660366262895,0,FLAT_REGIME_LOW,0.0,89763.15625,10003.815790249631
2026-01-02 22:00:00+00:00,0.45609484372696196,0,FLAT_REGIME_LOW,0.0,90121.0546875,10003.815790249631
2026-01-02 23:00:00+00:00,0.4849544856860406,0,FLAT_REGIME_LOW,0.0,90149.15625,10003.815790249631
2026-01-03 00:00:00+00:00,0.4444087502316197,0,FLAT_REGIME_LOW,0.0,90008.9765625,10003.815790249631
2026-01-03 02:00:00+00:00,0.4816175484453696,0,FLAT_REGIME_LOW,0.0,90209.4140625,10003.815790249631
2026-01-03 03:00:00+00:00,0.49051375863022273,0,FLAT_REGIME_LOW,0.0,90236.7890625,10003.815790249631
2026-01-03 04:00:00+00:00,0.4878663448484781,0,FLAT_REGIME_LOW,0.0,90246.8359375,10003.815790249631
2026-01-03 05:00:00+00:00,0.484301587900472,0,FLAT_REGIME_LOW,0.0,90139.359375,10003.815790249631
2026-01-03 06:00:00+00:00,0.49838736841423603,0,FLAT_REGIME_LOW,0.0,90090.3359375,10003.815790249631
2026-01-03 07:00:00+00:00,0.5113769805514164,0,FLAT_REGIME_LOW,0.0,89877.9921875,10003.815790249631
2026-01-03 08:00:00+00:00,0.5058190469043867,0,FLAT_REGIME_LOW,0.0,89499.5859375,10003.815790249631
2026-01-03 09:00:00+00:00,0.5046686874778001,0,FLAT_REGIME_LOW,0.0,89665.90625,10003.815790249631
2026-01-03 10:00:00+00:00,0.5007230723658127,0,FLAT_REGIME_LOW,0.0,89706.9765625,10003.815790249631
2026-01-03 11:00:00+00:00,0.5119423839648316,0,FLAT_REGIME_LOW,0.0,89730.046875,10003.815790249631
2026-01-03 12:00:00+00:00,0.5079659315367535,0,FLAT_REGIME_LOW,0.0,89630.171875,10003.815790249631
2026-01-03 13:00:00+00:00,0.49146447281645705,0,FLAT_REGIME_LOW,0.0,89960.9140625,10003.815790249631
2026-01-03 14:00:00+00:00,0.4964955405473718,0,FLAT_REGIME_LOW,0.0,89958.390625,10003.815790249631
2026-01-03 15:00:00+00:00,0.49838300817244174,0,FLAT_REGIME_LOW,0.0,90020.2109375,10003.815790249631
2026-01-03 16:00:00+00:00,0.4967293629630341,0,FLAT_REGIME_LOW,0.0,89937.3515625,10003.815790249631
2026-01-03 17:00:00+00:00,0.4875856275263209,0,FLAT_REGIME_LOW,0.0,90072.140625,10003.815790249631
2026-01-03 18:00:00+00:00,0.4872250168645113,0,FLAT_REGIME_LOW,0.0,89991.9921875,10003.815790249631
2026-01-03 18:00:00+00:00,0.4840903275257012,0,FLAT_REGIME_LOW,0.0,90091.8515625,10003.815790249631
2026-01-03 20:00:00+00:00,0.4736271960273589,0,FLAT_REGIME_LOW,0.0,89992.4609375,10003.815790249631
2026-01-03 21:00:00+00:00,0.47321148602194807,0,FLAT_REGIME_LOW,0.0,90285.3203125,10003.815790249631
2026-01-03 22:00:00+00:00,0.4835185676856906,0,FLAT_REGIME_LOW,0.0,90450.015625,10003.815790249631
2026-01-03 23:00:00+00:00,0.48758328428877556,0,FLAT_REGIME_LOW,0.0,90481.078125,10003.815790249631
2026-01-04 00:00:00+00:00,0.4763477968073506,0,FLAT_REGIME_LOW,0.0,91165.515625,10003.815790249631
2026-01-04 03:00:00+00:00,0.470664202031763,0,FLAT_REGIME_LOW,0.0,91088.59375,10003.815790249631
2026-01-04 04:00:00+00:00,0.44997139261503816,0,FLAT_REGIME_LOW,0.0,91444.21875,10003.815790249631
2026-01-04 05:00:00+00:00,0.452034336254844,0,FLAT_REGIME_LOW,0.0,91355.15625,10003.815790249631
2026-01-04 06:00:00+00:00,0.4480531842241059,0,FLAT_REGIME_LOW,0.0,91660.25,10003.815790249631
2026-01-04 07:00:00+00:00,0.4818897122207457,0,FLAT_REGIME_LOW,0.0,91313.75,10003.815790249631
2026-01-04 08:00:00+00:00,0.46463456909390105,0,FLAT_REGIME_LOW,0.0,91313.9453125,10003.815790249631
2026-01-04 09:00:00+00:00,0.4635549656878383,0,FLAT_REGIME_LOW,0.0,91275.8359375,10003.815790249631
2026-01-04 10:00:00+00:00,0.46919080914315653,0,FLAT_REGIME_LOW,0.0,91441.7265625,10003.815790249631
2026-01-04 11:00:00+00:00,0.4618808670398489,0,FLAT_REGIME_LOW,0.0,91481.4765625,10003.815790249631
2026-01-04 12:00:00+00:00,0.4725073683633422,0,FLAT_REGIME_LOW,0.0,91203.703125,10003.815790249631
2026-01-04 13:00:00+00:00,0.48071972324005063,0,FLAT_REGIME_LOW,0.0,91015.5078125,10003.815790249631
2026-01-04 14:00:00+00:00,0.47588261956527145,0,FLAT_REGIME_LOW,0.0,91228.8828125,10003.815790249631
2026-01-04 15:00:00+00:00,0.496007559630421,0,FLAT_REGIME_LOW,0.0,91247.71875,10003.815790249631
2026-01-04 16:00:00+00:00,0.5027842735047466,0,FLAT_REGIME_LOW,0.0,91222.0625,10003.815790249631
2026-01-04 17:00:00+00:00,0.5018004700477242,0,FLAT_REGIME_LOW,0.0,91327.421875,10003.815790249631
2026-01-04 18:00:00+00:00,0.5051961319310581,0,FLAT_REGIME_LOW,0.0,91193.6640625,10003.815790249631
2026-01-04 18:00:00+00:00,0.5051961319310581,0,FLAT_REGIME_LOW,0.0,91161.8359375,10003.815790249631
2026-01-04 20:00:00+00:00,0.5092554340906733,0,FLAT_REGIME_LOW,0.0,91162.078125,10003.815790249631
2026-01-04 21:00:00+00:00,0.4927313725469915,0,FLAT_REGIME_LOW,0.0,91294.6875,10003.815790249631
2026-01-04 22:00:00+00:00,0.5014514857161758,0,FLAT_REGIME_LOW,0.0,91281.296875,10003.815790249631
2026-01-04 23:00:00+00:00,0.5031559969339163,0,FLAT_REGIME_LOW,0.0,91383.3984375,10003.815790249631
2026-01-05 00:00:00+00:00,0.5033247477106833,0,FLAT_REGIME_LOW,0.0,92225.71875,10003.815790249631
2026-01-05 03:00:00+00:00,0.486357908983466,0,FLAT_REGIME_LOW,0.0,92969.296875,10003.815790249631
2026-01-05 04:00:00+00:00,0.4532050204569673,0,FLAT_REGIME_LOW,0.0,92344.34375,10003.815790249631
2026-01-05 05:00:00+00:00,0.43297820898363976,0,FLAT_REGIME_LOW,0.0,92655.2109375,10003.815790249631
2026-01-05 06:00:00+00:00,0.4315161923201067,0,FLAT_REGIME_LOW,0.0,92389.90625,10003.815790249631
2026-01-05 07:00:00+00:00,0.4710565249927895,0,FLAT_REGIME_LOW,0.0,92506.3359375,10003.815790249631
2026-01-05 08:00:00+00:00,0.501104074251047,0,FLAT_REGIME_LOW,0.0,92567.8359375,10003.815790249631
2026-01-05 09:00:00+00:00,0.5068837219213533,0,FLAT_REGIME_LOW,0.0,92443.75,10003.815790249631
2026-01-05 10:00:00+00:00,0.4972740246356894,0,FLAT_REGIME_LOW,0.0,92747.34375,10003.815790249631
2026-01-05 11:00:00+00:00,0.4860467735987798,0,FLAT_REGIME_LOW,0.0,92962.3515625,10003.815790249631
2026-01-05 12:00:00+00:00,0.4832764083491058,0,FLAT_REGIME_LOW,0.0,93088.640625,10003.815790249631
2026-01-05 13:00:00+00:00,0.483308607481338,0,FLAT_REGIME_LOW,0.0,92689.828125,10003.815790249631
2026-01-05 14:00:00+00:00,0.4653672698649991,0,FLAT_REGIME_LOW,0.0,92682.96875,10003.815790249631
2026-01-05 15:00:00+00:00,0.45534541210432355,0,FLAT_REGIME_LOW,0.0,93267.5390625,10003.815790249631
2026-01-05 16:00:00+00:00,0.47148675890388314,0,FLAT_REGIME_LOW,0.0,93824.5078125,10003.815790249631
2026-01-05 17:00:00+00:00,0.4855358668125519,0,FLAT_REGIME_LOW,0.0,93645.59375,10003.815790249631
2026-01-05 18:00:00+00:00,0.460889600530017,0,FLAT_REGIME_LOW,0.0,94180.109375,10003.815790249631
2026-01-05 19:00:00+00:00,0.45469721111529804,0,FLAT_REGIME_LOW,0.0,94325.0390625,10003.815790249631
2026-01-05 20:00:00+00:00,0.4605543010678804,0,FLAT_REGIME_LOW,0.0,94454.828125,10003.815790249631
2026-01-05 21:00:00+00:00,0.4660986956490047,0,FLAT_REGIME_LOW,0.0,94117.8046875,10003.815790249631
2026-01-05 22:00:00+00:00,0.45713827529238027,0,FLAT_REGIME_LOW,0.0,94093.6875,10003.815790249631
2026-01-05 23:00:00+00:00,0.4616577733828563,0,FLAT_REGIME_LOW,0.0,94072.3359375,10003.815790249631
2026-01-06 00:00:00+00:00,0.456365298760278,0,FLAT_REGIME_LOW,0.0,93551.6015625,10003.815790249631
2026-01-06 02:00:00+00:00,0.48026745843884766,0,FLAT_REGIME_LOW,0.0,93582.140625,10003.815790249631
2026-01-06 03:00:00+00:00,0.4967286669139247,0,FLAT_REGIME_LOW,0.0,93756.765625,10003.815790249631
2026-01-06 04:00:00+00:00,0.49344714349223556,0,FLAT_REGIME_LOW,0.0,93832.78125,10003.815790249631
2026-01-06 05:00:00+00:00,0.5071144553869654,0,FLAT_REGIME_LOW,0.0,93723.9140625,10003.815790249631
2026-01-06 06:00:00+00:00,0.517150694174639,0,FLAT_REGIME_LOW,0.0,93737.6796875,10003.815790249631
2026-01-06 07:00:00+00:00,0.5022282033822104,0,FLAT_REGIME_LOW,0.0,93521.1484375,10003.815790249631
2026-01-06 08:00:00+00:00,0.49707293899151533,0,FLAT_REGIME_LOW,0.0,93332.390625,10003.815790249631
2026-01-06 09:00:00+00:00,0.5018464012171948,0,FLAT_REGIME_LOW,0.0,93361.875,10003.815790249631
2026-01-06 10:00:00+00:00,0.49149285329440656,0,FLAT_REGIME_LOW,0.0,93445.5703125,10003.815790249631
2026-01-06 11:00:00+00:00,0.5003801686068196,0,FLAT_REGIME_LOW,0.0,93647.015625,10003.815790249631
2026-01-06 12:00:00+00:00,0.49525485670154007,0,FLAT_REGIME_LOW,0.0,93857.1640625,10003.815790249631
2026-01-06 13:00:00+00:00,0.48209532726495496,0,FLAT_REGIME_LOW,0.0,93740.3984375,10003.815790249631
2026-01-06 14:00:00+00:00,0.49008796123910553,0,FLAT_REGIME_LOW,0.0,93935.8671875,10003.815790249631
2026-01-06 15:00:00+00:00,0.487696045388356,0,FLAT_REGIME_LOW,0.0,93841.5859375,10003.815790249631
2026-01-06 16:00:00+00:00,0.49125004235054365,0,FLAT_REGIME_LOW,0.0,93456.296875,10003.815790249631
2026-01-06 17:00:00+00:00,0.4713093144384763,0,FLAT_REGIME_LOW,0.0,92591.890625,10003.815790249631
2026-01-06 18:00:00+00:00,0.45762536954736094,0,FLAT_REGIME_LOW,0.0,91882.65625,10003.815790249631
2026-01-06 19:00:00+00:00,0.458618014754034,0,FLAT_REGIME_LOW,0.0,92059.71875,10003.815790249631
2026-01-06 20:00:00+00:00,0.4881639305332424,0,FLAT_REGIME_LOW,0.0,92389.9609375,10003.815790249631
2026-01-06 21:00:00+00:00,0.5016135089277334,0,FLAT_REGIME_LOW,0.0,92351.9453125,10003.815790249631
2026-01-06 22:00:00+00:00,0.48254966852666215,0,FLAT_REGIME_LOW,0.0,93246.1171875,10003.815790249631
2026-01-06 23:00:00+00:00,0.48680008575194533,0,FLAT_REGIME_LOW,0.0,93400.671875,10003.815790249631
2026-01-07 00:00:00+00:00,0.5011413493666921,0,FLAT_REGIME_LOW,0.0,93055.8125,10003.815790249631
2026-01-07 02:00:00+00:00,0.4630684226500856,0,FLAT_REGIME_LOW,0.0,92850.75,10003.815790249631
2026-01-07 03:00:00+00:00,0.4657244041111902,0,FLAT_REGIME_LOW,0.0,92754.8203125,10003.815790249631
2026-01-07 04:00:00+00:00,0.49669988241811436,0,FLAT_REGIME_LOW,0.0,92699.265625,10003.815790249631
2026-01-07 05:00:00+00:00,0.5091837915413964,0,FLAT_REGIME_LOW,0.0,92604.46875,10003.815790249631
2026-01-07 06:00:00+00:00,0.49948504026733925,0,FLAT_REGIME_LOW,0.0,92589.1328125,10003.815790249631
2026-01-07 07:00:00+00:00,0.5042947652772943,0,FLAT_REGIME_LOW,0.0,92638.734375,10003.815790249631
2026-01-07 08:00:00+00:00,0.5028569328492462,0,FLAT_REGIME_LOW,0.0,92831.7109375,10003.815790249631
2026-01-07 09:00:00+00:00,0.5240008558733117,0,FLAT_REGIME_LOW,0.0,92226.1015625,10003.815790249631
2026-01-07 10:00:00+00:00,0.5084363152902189,0,FLAT_REGIME_LOW,0.0,91724.28125,10003.815790249631
2026-01-07 10:00:00+00:00,0.5084363152902189,0,FLAT_REGIME_LOW,0.0,91868.5703125,10003.815790249631
2026-01-07 12:00:00+00:00,0.4994128632735766,0,FLAT_REGIME_LOW,0.0,92034.3515625,10003.815790249631
2026-01-07 13:00:00+00:00,0.532963318076505,0,FLAT_REGIME_LOW,0.0,92166.421875,10003.815790249631
2026-01-07 14:00:00+00:00,0.5272950718909307,0,FLAT_REGIME_LOW,0.0,91608.1171875,10003.815790249631
2026-01-07 15:00:00+00:00,0.5115723373204414,0,FLAT_REGIME_LOW,0.0,91655.84375,10003.815790249631
2026-01-07 16:00:00+00:00,0.5129179155867951,0,FLAT_REGIME_LOW,0.0,91483.9140625,10003.815790249631
2026-01-07 17:00:00+00:00,0.5141572286747055,0,FLAT_REGIME_LOW,0.0,91206.265625,10003.815790249631
2026-01-07 18:00:00+00:00,0.5143024301557264,0,FLAT_REGIME_LOW,0.0,91231.546875,10003.815790249631
2026-01-07 19:00:00+00:00,0.5273712173940032,0,FLAT_REGIME_LOW,0.0,90825.359375,10003.815790249631
2026-01-07 20:00:00+00:00,0.5120638247137417,0,FLAT_REGIME_LOW,0.0,91121.9609375,10003.815790249631
2026-01-07 21:00:00+00:00,0.5238695714863553,0,FLAT_REGIME_LOW,0.0,91020.953125,10003.815790249631
2026-01-07 22:00:00+00:00,0.5369409748306789,0,FLAT_REGIME_LOW,0.0,90829.5390625,10003.815790249631
2026-01-07 23:00:00+00:00,0.5220549178497348,0,FLAT_REGIME_LOW,0.0,90991.9765625,10003.815790249631
2026-01-08 00:00:00+00:00,0.518072761856044,0,FLAT_REGIME_LOW,0.0,91121.6640625,10003.815790249631
2026-01-08 02:00:00+00:00,0.502569905763201,0,FLAT_REGIME_LOW,0.0,90712.5390625,10003.815790249631
2026-01-08 03:00:00+00:00,0.5149363741490159,0,FLAT_REGIME_LOW,0.0,90699.546875,10003.815790249631
2026-01-08 04:00:00+00:00,0.5127763559681323,0,FLAT_REGIME_LOW,0.0,90976.703125,10003.815790249631
2026-01-08 05:00:00+00:00,0.498223476246942,0,FLAT_REGIME_LOW,0.0,90991.2421875,10003.815790249631
2026-01-08 06:00:00+00:00,0.5270250758972445,0,FLAT_REGIME_LOW,0.0,90389.3125,10003.815790249631
2026-01-08 07:00:00+00:00,0.5190356813484425,0,FLAT_REGIME_LOW,0.0,89950.0078125,10003.815790249631
2026-01-08 08:00:00+00:00,0.48336294565072624,0,FLAT_REGIME_LOW,0.0,90475.5078125,10003.815790249631
2026-01-08 09:00:00+00:00,0.4943588959333294,0,FLAT_REGIME_LOW,0.0,90210.34375,10003.815790249631
2026-01-08 10:00:00+00:00,0.5043411391729503,0,FLAT_REGIME_LOW,0.0,89880.0546875,10003.815790249631
2026-01-08 11:00:00+00:00,0.484603395006627,0,FLAT_REGIME_LOW,0.0,90207.796875,10003.815790249631
2026-01-08 12:00:00+00:00,0.5014063425084448,0,FLAT_REGIME_LOW,0.0,89802.828125,10003.815790249631
2026-01-08 13:00:00+00:00,0.514172330710753,0,FLAT_REGIME_LOW,0.0,89947.5,10003.815790249631
2026-01-08 14:00:00+00:00,0.5174623948683723,0,FLAT_REGIME_LOW,0.0,89759.2734375,10003.815790249631
2026-01-08 15:00:00+00:00,0.5110324740843611,0,FLAT_REGIME_LOW,0.0,90237.4609375,10003.815790249631
2026-01-08 16:00:00+00:00,0.4935089502599251,0,FLAT_REGIME_LOW,0.0,90533.65625,10003.815790249631
2026-01-08 17:00:00+00:00,0.4967815587384454,0,FLAT_REGIME_LOW,0.0,91039.6171875,10003.815790249631
2026-01-08 18:00:00+00:00,0.49481183280749863,0,FLAT_REGIME_LOW,0.0,91258.78125,10003.815790249631
2026-01-08 19:00:00+00:00,0.47124786725061885,0,FLAT_REGIME_LOW,0.0,91142.7265625,10003.815790249631
2026-01-08 20:00:00+00:00,0.47374075397562493,0,FLAT_REGIME_LOW,0.0,90528.1640625,10003.815790249631
2026-01-08 21:00:00+00:00,0.452196213855004,0,FLAT_REGIME_LOW,0.0,90955.0859375,10003.815790249631
2026-01-08 22:00:00+00:00,0.47606888272630066,0,FLAT_REGIME_LOW,0.0,91106.9140625,10003.815790249631
2026-01-08 23:00:00+00:00,0.47984740104512014,0,FLAT_REGIME_LOW,0.0,91232.078125,10003.815790249631
2026-01-09 00:00:00+00:00,0.4753973700316887,0,FLAT_REGIME_LOW,0.0,91141.953125,10003.815790249631
2026-01-09 02:00:00+00:00,0.4833430763817517,0,FLAT_REGIME_LOW,0.0,91114.546875,10003.815790249631
2026-01-09 03:00:00+00:00,0.48809594283611457,0,FLAT_REGIME_LOW,0.0,91097.9296875,10003.815790249631
2026-01-09 04:00:00+00:00,0.48542051644667744,0,FLAT_REGIME_LOW,0.0,91028.703125,10003.815790249631
2026-01-09 05:00:00+00:00,0.505379612273304,0,FLAT_REGIME_LOW,0.0,90994.578125,10003.815790249631
2026-01-09 06:00:00+00:00,0.5035709916057418,0,FLAT_REGIME_LOW,0.0,90959.046875,10003.815790249631
2026-01-09 07:00:00+00:00,0.4999475270965896,0,FLAT_REGIME_LOW,0.0,90988.25,10003.815790249631
2026-01-09 08:00:00+00:00,0.5167307040348856,0,FLAT_REGIME_LOW,0.0,90607.8515625,10003.815790249631
2026-01-09 09:00:00+00:00,0.48627185579913323,0,FLAT_REGIME_LOW,0.0,90038.4921875,10003.815790249631
2026-01-09 10:00:00+00:00,0.48200685897084067,0,FLAT_REGIME_LOW,0.0,90307.4453125,10003.815790249631
2026-01-09 11:00:00+00:00,0.48546414496948076,0,FLAT_REGIME_LOW,0.0,90461.578125,10003.815790249631
2026-01-09 12:00:00+00:00,0.5102306328682094,0,FLAT_REGIME_LOW,0.0,90282.90625,10003.815790249631
2026-01-09 13:00:00+00:00,0.5003999573434282,0,FLAT_REGIME_LOW,0.0,90551.28125,10003.815790249631
2026-01-09 14:00:00+00:00,0.4866936049621924,0,FLAT_REGIME_LOW,0.0,90252.1796875,10003.815790249631
2026-01-09 15:00:00+00:00,0.49815030839485214,0,FLAT_REGIME_LOW,0.0,89930.8828125,10003.815790249631
2026-01-09 16:00:00+00:00,0.47908083534376106,0,FLAT_REGIME_LOW,0.0,91291.15625,10003.815790249631
2026-01-09 17:00:00+00:00,0.48184911472203446,0,FLAT_REGIME_LOW,0.0,91430.8515625,10003.815790249631
2026-01-09 18:00:00+00:00,0.4974975352960197,0,FLAT_REGIME_LOW,0.0,91157.9453125,10003.815790249631
2026-01-09 19:00:00+00:00,0.4768378027085075,0,FLAT_REGIME_LOW,0.0,90594.8359375,10003.815790249631
2026-01-09 20:00:00+00:00,0.45566196229591377,0,FLAT_REGIME_LOW,0.0,90265.3515625,10003.815790249631
2026-01-09 21:00:00+00:00,0.46498676641725545,0,FLAT_REGIME_LOW,0.0,90117.078125,10003.815790249631
2026-01-09 22:00:00+00:00,0.49785295041404953,0,FLAT_REGIME_LOW,0.0,90383.84375,10003.815790249631
2026-01-09 23:00:00+00:00,0.528899900070439,0,FLAT_REGIME_LOW,0.0,90532.984375,10003.815790249631
2026-01-10 00:00:00+00:00,0.5310763003981586,0,FLAT_REGIME_LOW,0.0,90500.609375,10003.815790249631
2026-01-10 02:00:00+00:00,0.5193312649686675,0,FLAT_REGIME_LOW,0.0,90496.2890625,10003.815790249631
2026-01-10 03:00:00+00:00,0.5225438362597478,0,FLAT_REGIME_LOW,0.0,90469.9921875,10003.815790249631
2026-01-10 04:00:00+00:00,0.5293551381626695,0,FLAT_REGIME_LOW,0.0,90402.7890625,10003.815790249631
2026-01-10 05:00:00+00:00,0.5261810170446614,0,FLAT_REGIME_LOW,0.0,90370.9140625,10003.815790249631
2026-01-10 06:00:00+00:00,0.5253732523223298,0,FLAT_REGIME_LOW,0.0,90462.4453125,10003.815790249631
2026-01-10 07:00:00+00:00,0.5268394425989343,0,FLAT_REGIME_LOW,0.0,90444.25,10003.815790249631
2026-01-10 08:00:00+00:00,0.5235151686663738,0,FLAT_REGIME_LOW,0.0,90547.40625,10003.815790249631
2026-01-10 09:00:00+00:00,0.48852585761931894,0,FLAT_REGIME_LOW,0.0,90555.9453125,10003.815790249631
2026-01-10 10:00:00+00:00,0.48476812859576884,0,FLAT_REGIME_LOW,0.0,90624.4453125,10003.815790249631
2026-01-10 10:00:00+00:00,0.4853534280709297,0,FLAT_REGIME_LOW,0.0,90685.1875,10003.815790249631
2026-01-10 12:00:00+00:00,0.49204528125853064,0,FLAT_REGIME_LOW,0.0,90621.0625,10003.815790249631
2026-01-10 13:00:00+00:00,0.4936177410863773,0,FLAT_REGIME_LOW,0.0,90589.75,10003.815790249631
2026-01-10 14:00:00+00:00,0.5039614336618408,0,FLAT_REGIME_LOW,0.0,90535.8125,10003.815790249631
2026-01-10 15:00:00+00:00,0.5141115036042627,0,FLAT_REGIME_LOW,0.0,90502.4140625,10003.815790249631
2026-01-10 16:00:00+00:00,0.5048715540014178,0,FLAT_REGIME_LOW,0.0,90567.59375,10003.815790249631
2026-01-10 17:00:00+00:00,0.5096775214870394,0,FLAT_REGIME_LOW,0.0,90577.296875,10003.815790249631
2026-01-10 18:00:00+00:00,0.5236265808446326,0,FLAT_REGIME_LOW,0.0,90412.1328125,10003.815790249631
2026-01-10 18:00:00+00:00,0.5243051570064743,0,FLAT_REGIME_LOW,0.0,90476.0625,10003.815790249631
2026-01-10 20:00:00+00:00,0.4997075785769423,0,FLAT_REGIME_LOW,0.0,90509.7734375,10003.815790249631
2026-01-10 21:00:00+00:00,0.5147694488436874,0,FLAT_REGIME_LOW,0.0,90441.546875,10003.815790249631
2026-01-10 22:00:00+00:00,0.5276707140678593,0,FLAT_REGIME_LOW,0.0,90350.1953125,10003.815790249631
2026-01-10 23:00:00+00:00,0.5149905197820248,0,FLAT_REGIME_LOW,0.0,90373.859375,10003.815790249631
2026-01-11 00:00:00+00:00,0.5108300543281029,0,FLAT_REGIME_LOW,0.0,90496.21875,10003.815790249631
2026-01-11 02:00:00+00:00,0.4983667275946672,0,FLAT_REGIME_LOW,0.0,90579.109375,10003.815790249631
2026-01-11 04:00:00+00:00,0.4749431799483592,0,FLAT_REGIME_LOW,0.0,90631.0078125,10003.815790249631
2026-01-11 05:00:00+00:00,0.4863289356349926,0,FLAT_REGIME_LOW,0.0,90662.53125,10003.815790249631
2026-01-11 06:00:00+00:00,0.48047161331196264,0,FLAT_REGIME_LOW,0.0,90669.2578125,10003.815790249631
2026-01-11 07:00:00+00:00,0.48643420154975037,0,FLAT_REGIME_LOW,0.0,90613.390625,10003.815790249631
2026-01-11 08:00:00+00:00,0.48739528925908515,0,FLAT_REGIME_LOW,0.0,90544.6484375,10003.815790249631
2026-01-11 09:00:00+00:00,0.4768648572086626,0,FLAT_REGIME_LOW,0.0,90672.8515625,10003.815790249631
2026-01-11 10:00:00+00:00,0.4830652938304347,0,FLAT_REGIME_LOW,0.0,90602.59375,10003.815790249631
2026-01-11 10:00:00+00:00,0.4830652938304347,0,FLAT_REGIME_LOW,0.0,90612.6484375,10003.815790249631
2026-01-11 12:00:00+00:00,0.4870892455930375,0,FLAT_REGIME_LOW,0.0,90661.03125,10003.815790249631
2026-01-11 13:00:00+00:00,0.46119322782421934,0,FLAT_REGIME_LOW,0.0,90824.359375,10003.815790249631
2026-01-11 14:00:00+00:00,0.47008442516154025,0,FLAT_REGIME_LOW,0.0,90776.2578125,10003.815790249631
2026-01-11 14:00:00+00:00,0.47008442516154025,0,FLAT_REGIME_LOW,0.0,90990.4921875,10003.815790249631
2026-01-11 16:00:00+00:00,0.47635244783367314,0,FLAT_REGIME_LOW,0.0,90844.3671875,10003.815790249631
2026-01-11 17:00:00+00:00,0.46834777583861903,0,FLAT_REGIME_LOW,0.0,90926.6171875,10003.815790249631
2026-01-11 18:00:00+00:00,0.4553842203586143,0,FLAT_REGIME_LOW,0.0,90766.7109375,10003.815790249631
2026-01-11 18:00:00+00:00,0.4553842203586143,0,FLAT_REGIME_LOW,0.0,90755.0234375,10003.815790249631
2026-01-11 20:00:00+00:00,0.48872409271836376,0,FLAT_REGIME_LOW,0.0,90420.859375,10003.815790249631
2026-01-11 21:00:00+00:00,0.4964791950267909,0,FLAT_REGIME_LOW,0.0,90488.3984375,10003.815790249631
2026-01-11 22:00:00+00:00,0.4951485379063453,0,FLAT_REGIME_LOW,0.0,90400.828125,10003.815790249631
2026-01-11 23:00:00+00:00,0.5103162879883992,0,FLAT_REGIME_LOW,0.0,90237.5,10003.815790249631
2026-01-12 00:00:00+00:00,0.5124910145441054,0,FLAT_REGIME_LOW,0.0,90755.3828125,10003.815790249631
2026-01-12 02:00:00+00:00,0.4829786536918737,0,FLAT_REGIME_LOW,0.0,92205.5546875,10003.815790249631
2026-01-12 04:00:00+00:00,0.4716667191179895,0,FLAT_REGIME_LOW,0.0,91745.4375,10003.815790249631
2026-01-12 05:00:00+00:00,0.4628894741571925,0,FLAT_REGIME_LOW,0.0,92072.6953125,10003.815790249631
2026-01-12 06:00:00+00:00,0.45412570779471845,0,FLAT_REGIME_LOW,0.0,92045.0234375,10003.815790249631
2026-01-12 07:00:00+00:00,0.45835013189320184,0,FLAT_REGIME_LOW,0.0,91710.3046875,10003.815790249631
2026-01-12 08:00:00+00:00,0.45363756610728084,0,FLAT_REGIME_LOW,0.0,91499.1796875,10003.815790249631
2026-01-12 09:00:00+00:00,0.49590230406903424,0,FLAT_REGIME_LOW,0.0,90743.8046875,10003.815790249631
2026-01-12 10:00:00+00:00,0.4904440328374634,0,FLAT_REGIME_LOW,0.0,90604.9375,10003.815790249631
2026-01-12 11:00:00+00:00,0.5173851248468617,0,FLAT_REGIME_LOW,0.0,90410.0390625,10003.815790249631
2026-01-12 12:00:00+00:00,0.525372562847442,0,FLAT_REGIME_LOW,0.0,90697.578125,10003.815790249631
2026-01-12 13:00:00+00:00,0.5168845033398046,0,FLAT_REGIME_LOW,0.0,90559.4296875,10003.815790249631
2026-01-12 14:00:00+00:00,0.5250177426883653,0,FLAT_REGIME_LOW,0.0,90539.6953125,10003.815790249631
2026-01-12 15:00:00+00:00,0.5047140340462458,0,FLAT_REGIME_LOW,0.0,90730.8671875,10003.815790249631
2026-01-12 16:00:00+00:00,0.4837720363091144,0,FLAT_REGIME_LOW,0.0,91710.0078125,10003.815790249631
2026-01-12 17:00:00+00:00,0.4894781536899208,0,FLAT_REGIME_LOW,0.0,91926.921875,10003.815790249631
2026-01-12 18:00:00+00:00,0.4851451761323628,0,FLAT_REGIME_LOW,0.0,91652.6875,10003.815790249631
2026-01-12 19:00:00+00:00,0.46529904523500043,0,FLAT_REGIME_LOW,0.0,91625.8671875,10003.815790249631
2026-01-12 20:00:00+00:00,0.44534941311164666,0,FLAT_REGIME_LOW,0.0,91929.0234375,10003.815790249631
2026-01-12 21:00:00+00:00,0.47013504205552903,0,FLAT_REGIME_LOW,0.0,91294.875,10003.815790249631
2026-01-12 22:00:00+00:00,0.48255088472250884,0,FLAT_REGIME_LOW,0.0,91148.953125,10003.815790249631
2026-01-12 23:00:00+00:00,0.4815008970800017,0,FLAT_REGIME_LOW,0.0,91027.703125,10003.815790249631
2026-01-13 00:00:00+00:00,0.49595538438096276,0,FLAT_REGIME_LOW,0.0,91365.4765625,10003.815790249631
2026-01-13 02:00:00+00:00,0.49565834026543365,0,FLAT_REGIME_LOW,0.0,91039.34375,10003.815790249631
2026-01-13 03:00:00+00:00,0.5049786423587208,0,FLAT_REGIME_LOW,0.0,91188.8203125,10003.815790249631
2026-01-13 04:00:00+00:00,0.49277845617812777,0,FLAT_REGIME_LOW,0.0,91297.46875,10003.815790249631
2026-01-13 05:00:00+00:00,0.5162468994326472,0,FLAT_REGIME_LOW,0.0,91629.1796875,10003.815790249631
2026-01-13 06:00:00+00:00,0.5019261682282873,0,FLAT_REGIME_LOW,0.0,91767.046875,10003.815790249631
2026-01-13 07:00:00+00:00,0.4927150873914916,0,FLAT_REGIME_LOW,0.0,91953.859375,10003.815790249631
2026-01-13 08:00:00+00:00,0.4955168594753832,0,FLAT_REGIME_LOW,0.0,91854.3515625,10003.815790249631
2026-01-13 09:00:00+00:00,0.46880292225263526,0,FLAT_REGIME_LOW,0.0,92322.171875,10003.815790249631
2026-01-13 10:00:00+00:00,0.47566915370200247,0,FLAT_REGIME_LOW,0.0,92227.0234375,10003.815790249631
2026-01-13 11:00:00+00:00,0.48631080129437093,0,FLAT_REGIME_LOW,0.0,92051.265625,10003.815790249631
2026-01-13 12:00:00+00:00,0.4913183912298678,0,FLAT_REGIME_LOW,0.0,91892.515625,10003.815790249631
2026-01-13 13:00:00+00:00,0.4931278893530668,0,FLAT_REGIME_LOW,0.0,92035.3125,10003.815790249631
2026-01-13 14:00:00+00:00,0.4882338689392838,0,FLAT_REGIME_LOW,0.0,91916.3671875,10003.815790249631
2026-01-13 15:00:00+00:00,0.4851157088071139,0,FLAT_REGIME_LOW,0.0,92230.9296875,10003.815790249631
2026-01-13 16:00:00+00:00,0.4766504275402856,0,FLAT_REGIME_LOW,0.0,93322.9921875,10003.815790249631
2026-01-13 17:00:00+00:00,0.49658557915260604,0,FLAT_REGIME_LOW,0.0,93283.3125,10003.815790249631
2026-01-13 18:00:00+00:00,0.4795335908003779,0,FLAT_REGIME_LOW,0.0,93516.5859375,10003.815790249631
2026-01-13 19:00:00+00:00,0.4532010767826046,0,FLAT_REGIME_LOW,0.0,93448.8046875,10003.815790249631
2026-01-13 20:00:00+00:00,0.45124310595445555,0,FLAT_REGIME_LOW,0.0,94332.1875,10003.815790249631
2026-01-13 21:00:00+00:00,0.47106074746195764,0,FLAT_REGIME_LOW,0.0,94416.78125,10003.815790249631
2026-01-13 22:00:00+00:00,0.47309360072385037,0,FLAT_REGIME_LOW,0.0,94247.6796875,10003.815790249631
2026-01-13 23:00:00+00:00,0.45040769831407507,0,FLAT_REGIME_LOW,0.0,95704.2421875,10003.815790249631
2026-01-14 00:00:00+00:00,0.46529535565335295,0,FLAT_REGIME_LOW,0.0,95169.5625,10003.815790249631
2026-01-14 02:00:00+00:00,0.42949059457877403,0,FLAT_REGIME_LOW,0.0,95265.2421875,10003.815790249631
2026-01-14 04:00:00+00:00,0.44258766760936347,0,FLAT_REGIME_LOW,0.0,95649.453125,10003.815790249631
2026-01-14 05:00:00+00:00,0.485933232194912,0,FLAT_REGIME_LOW,0.0,95127.0078125,10003.815790249631
2026-01-14 06:00:00+00:00,0.4988794507014033,0,FLAT_REGIME_LOW,0.0,94831.890625,10003.815790249631
2026-01-14 07:00:00+00:00,0.4774851562819482,0,FLAT_REGIME_LOW,0.0,95009.296875,10003.815790249631
2026-01-14 08:00:00+00:00,0.48622496052703085,0,FLAT_REGIME_LOW,0.0,95231.328125,10003.815790249631
2026-01-14 09:00:00+00:00,0.5049518521011652,0,FLAT_REGIME_LOW,0.0,95051.640625,10003.815790249631
2026-01-14 10:00:00+00:00,0.5080981542641524,0,FLAT_REGIME_LOW,0.0,95076.515625,10003.815790249631
2026-01-14 11:00:00+00:00,0.4999741516775132,0,FLAT_REGIME_LOW,0.0,94956.953125,10003.815790249631
2026-01-14 12:00:00+00:00,0.5108498333116855,0,FLAT_REGIME_LOW,0.0,94942.5703125,10003.815790249631
2026-01-14 13:00:00+00:00,0.5057559971048231,0,FLAT_REGIME_LOW,0.0,95141.6015625,10003.815790249631
2026-01-14 14:00:00+00:00,0.510455680043057,0,FLAT_REGIME_LOW,0.0,95412.9765625,10003.815790249631
2026-01-14 15:00:00+00:00,0.48620301713747954,0,FLAT_REGIME_LOW,0.0,96761.046875,10003.815790249631
2026-01-14 16:00:00+00:00,0.4925241037716177,0,FLAT_REGIME_LOW,0.0,97239.203125,10003.815790249631
2026-01-14 17:00:00+00:00,0.5096215320572038,0,FLAT_REGIME_LOW,0.0,97695.9296875,10003.815790249631
2026-01-14 18:00:00+00:00,0.4676701709397104,0,FLAT_REGIME_LOW,0.0,96720.921875,10003.815790249631
2026-01-14 19:00:00+00:00,0.4617555082470436,0,FLAT_REGIME_LOW,0.0,96777.65625,10003.815790249631
2026-01-14 20:00:00+00:00,0.44707367875662263,0,FLAT_REGIME_LOW,0.0,97603.9296875,10003.815790249631
2026-01-14 21:00:00+00:00,0.4887689730579984,0,FLAT_REGIME_LOW,0.0,97607.2890625,10003.815790249631
2026-01-14 22:00:00+00:00,0.4960059927797853,0,FLAT_REGIME_LOW,0.0,97417.2578125,10003.815790249631
2026-01-14 23:00:00+00:00,0.49883209137041556,0,FLAT_REGIME_LOW,0.0,97122.8203125,10003.815790249631
2026-01-15 00:00:00+00:00,0.499041724001467,0,FLAT_REGIME_LOW,0.0,96590.1953125,10003.815790249631
2026-01-15 02:00:00+00:00,0.49998055791815177,0,FLAT_REGIME_LOW,0.0,96193.4609375,10003.815790249631
2026-01-15 03:00:00+00:00,0.5078145233771773,0,FLAT_REGIME_LOW,0.0,95850.5703125,10003.815790249631
2026-01-15 04:00:00+00:00,0.5200914735035582,0,FLAT_REGIME_LOW,0.0,96232.234375,10003.815790249631
2026-01-15 05:00:00+00:00,0.5244593497126597,0,FLAT_REGIME_LOW,0.0,96279.296875,10003.815790249631
2026-01-15 06:00:00+00:00,0.5240428205772732,0,FLAT_REGIME_LOW,0.0,96391.359375,10003.815790249631
2026-01-15 07:00:00+00:00,0.5368823856544892,0,FLAT_REGIME_LOW,0.0,96245.25,10003.815790249631
2026-01-15 08:00:00+00:00,0.5261738735277375,0,FLAT_REGIME_LOW,0.0,96417.171875,10003.815790249631
2026-01-15 09:00:00+00:00,0.5187032468190671,0,FLAT_REGIME_LOW,0.0,96578.7890625,10003.815790249631
2026-01-15 10:00:00+00:00,0.513694744068864,0,FLAT_REGIME_LOW,0.0,96909.5703125,10003.815790249631
2026-01-15 11:00:00+00:00,0.5112261283282733,0,FLAT_REGIME_LOW,0.0,96716.8671875,10003.815790249631
2026-01-15 12:00:00+00:00,0.5089689270767688,0,FLAT_REGIME_LOW,0.0,96648.53125,10003.815790249631
2026-01-15 13:00:00+00:00,0.48064482478952963,0,FLAT_REGIME_LOW,0.0,96904.1484375,10003.815790249631
2026-01-15 14:00:00+00:00,0.49223941323038484,0,FLAT_REGIME_LOW,0.0,97083.2890625,10003.815790249631
2026-01-15 15:00:00+00:00,0.5002602670629495,0,FLAT_REGIME_LOW,0.0,96211.265625,10003.815790249631
2026-01-15 16:00:00+00:00,0.48466369473502224,0,FLAT_REGIME_LOW,0.0,96307.90625,10003.815790249631
2026-01-15 17:00:00+00:00,0.47951865246243447,0,FLAT_REGIME_LOW,0.0,96502.0859375,10003.815790249631
2026-01-15 18:00:00+00:00,0.5076789332500689,0,FLAT_REGIME_LOW,0.0,96125.5546875,10003.815790249631
2026-01-15 19:00:00+00:00,0.5125368378835501,1,EXIT_TO_FLAT,0.0,95771.3125,10003.815790249631
2026-01-15 20:00:00+00:00,0.4966181474264418,1,EXIT_TO_FLAT,0.0,95511.359375,10003.815790249631
2026-01-15 21:00:00+00:00,0.49462691995716157,1,EXIT_TO_FLAT,0.0,95294.6015625,10003.815790249631
2026-01-15 22:00:00+00:00,0.5237171300786343,0,FLAT_REGIME_LOW,0.0,95665.4765625,10003.815790249631
2026-01-15 23:00:00+00:00,0.5309499395431387,0,FLAT_REGIME_LOW,0.0,95424.953125,10003.815790249631
2026-01-16 00:00:00+00:00,0.5298635852919813,0,FLAT_REGIME_LOW,0.0,95742.265625,10003.815790249631
2026-01-16 02:00:00+00:00,0.5149023907278392,0,FLAT_REGIME_LOW,0.0,95487.125,10003.815790249631
2026-01-16 03:00:00+00:00,0.5133188904756185,0,FLAT_REGIME_LOW,0.0,95339.1796875,10003.815790249631
2026-01-16 04:00:00+00:00,0.5357141103438634,0,FLAT_REGIME_LOW,0.0,95375.65625,10003.815790249631
2026-01-16 05:00:00+00:00,0.533869472053136,0,FLAT_REGIME_LOW,0.0,95394.3828125,10003.815790249631
2026-01-16 06:00:00+00:00,0.5231852654341111,0,FLAT_REGIME_LOW,0.0,95565.3046875,10003.815790249631
2026-01-16 07:00:00+00:00,0.5303765093042642,0,FLAT_REGIME_LOW,0.0,95684.0390625,10003.815790249631
2026-01-16 08:00:00+00:00,0.5351480787869654,0,FLAT_REGIME_LOW,0.0,95677.625,10003.815790249631
2026-01-16 09:00:00+00:00,0.5001776565566534,0,FLAT_REGIME_LOW,0.0,95668.0625,10003.815790249631
2026-01-16 10:00:00+00:00,0.4936894022113,0,FLAT_REGIME_LOW,0.0,95473.8359375,10003.815790249631
2026-01-16 11:00:00+00:00,0.5138191910912198,0,FLAT_REGIME_LOW,0.0,95279.328125,10003.815790249631
2026-01-16 12:00:00+00:00,0.5114582374239129,0,FLAT_REGIME_LOW,0.0,95450.28125,10003.815790249631
2026-01-16 13:00:00+00:00,0.5209315871346374,0,FLAT_REGIME_LOW,0.0,95515.4296875,10003.815790249631
2026-01-16 14:00:00+00:00,0.5295398468306388,0,FLAT_REGIME_LOW,0.0,95417.390625,10003.815790249631
2026-01-16 15:00:00+00:00,0.5272085604597881,0,FLAT_REGIME_LOW,0.0,95536.4609375,10003.815790249631
2026-01-16 16:00:00+00:00,0.4986386648186637,0,FLAT_REGIME_LOW,0.0,94755.140625,10003.815790249631
2026-01-16 17:00:00+00:00,0.4936130067024511,0,FLAT_REGIME_LOW,0.0,94716.2890625,10003.815790249631
2026-01-16 18:00:00+00:00,0.4986883423859589,0,FLAT_REGIME_LOW,0.0,95045.75,10003.815790249631
2026-01-16 19:00:00+00:00,0.5125894544823684,0,FLAT_REGIME_LOW,0.0,94924.65625,10003.815790249631
2026-01-16 20:00:00+00:00,0.5028199548619782,0,FLAT_REGIME_LOW,0.0,94711.5234375,10003.815790249631
2026-01-16 21:00:00+00:00,0.48260905129590403,0,FLAT_REGIME_LOW,0.0,95494.265625,10003.815790249631
2026-01-16 22:00:00+00:00,0.4947352347877385,0,FLAT_REGIME_LOW,0.0,95429.6875,10003.815790249631
2026-01-16 23:00:00+00:00,0.4889407517745576,0,FLAT_REGIME_LOW,0.0,95440.484375,10003.815790249631
2026-01-17 00:00:00+00:00,0.49038062961045864,0,FLAT_REGIME_LOW,0.0,95449.21875,10003.815790249631
2026-01-17 02:00:00+00:00,0.4749678483942093,0,FLAT_REGIME_LOW,0.0,95290.0625,10003.815790249631
2026-01-17 03:00:00+00:00,0.4871156800844276,0,FLAT_REGIME_LOW,0.0,95249.3515625,10003.815790249631
2026-01-17 04:00:00+00:00,0.48953292620236477,0,FLAT_REGIME_LOW,0.0,95231.5859375,10003.815790249631
2026-01-17 05:00:00+00:00,0.4903348168331125,0,FLAT_REGIME_LOW,0.0,95311.46875,10003.815790249631
2026-01-17 06:00:00+00:00,0.5041322927012857,0,FLAT_REGIME_LOW,0.0,95209.65625,10003.815790249631
2026-01-17 07:00:00+00:00,0.5015735102612868,0,FLAT_REGIME_LOW,0.0,95109.828125,10003.815790249631
2026-01-17 08:00:00+00:00,0.5063789100916215,0,FLAT_REGIME_LOW,0.0,95111.578125,10003.815790249631
2026-01-17 09:00:00+00:00,0.49703956567912405,0,FLAT_REGIME_LOW,0.0,95203.171875,10003.815790249631
2026-01-17 10:00:00+00:00,0.4979909650148696,0,FLAT_REGIME_LOW,0.0,95204.3828125,10003.815790249631
2026-01-17 11:00:00+00:00,0.527875227209173,0,FLAT_REGIME_LOW,0.0,95069.171875,10003.815790249631
2026-01-17 12:00:00+00:00,0.5019875136975016,0,FLAT_REGIME_LOW,0.0,95260.21875,10003.815790249631
2026-01-17 13:00:00+00:00,0.5069245415482381,0,FLAT_REGIME_LOW,0.0,95302.9765625,10003.815790249631
2026-01-17 14:00:00+00:00,0.4921771519767423,0,FLAT_REGIME_LOW,0.0,95340.9609375,10003.815790249631
2026-01-17 15:00:00+00:00,0.4808190472492934,0,FLAT_REGIME_LOW,0.0,95596.8828125,10003.815790249631
2026-01-17 16:00:00+00:00,0.4710530063904904,0,FLAT_REGIME_LOW,0.0,95504.921875,10003.815790249631
2026-01-17 17:00:00+00:00,0.48226131227025876,0,FLAT_REGIME_LOW,0.0,95259.9765625,10003.815790249631
2026-01-17 18:00:00+00:00,0.4817428987171363,0,FLAT_REGIME_LOW,0.0,95377.15625,10003.815790249631
2026-01-17 18:00:00+00:00,0.4803497362266327,0,FLAT_REGIME_LOW,0.0,95382.875,10003.815790249631
2026-01-17 20:00:00+00:00,0.4901762620983172,0,FLAT_REGIME_LOW,0.0,95242.265625,10003.815790249631
2026-01-17 21:00:00+00:00,0.47660436959561253,0,FLAT_REGIME_LOW,0.0,95339.578125,10003.815790249631
2026-01-17 22:00:00+00:00,0.4874852728002109,0,FLAT_REGIME_LOW,0.0,95260.421875,10003.815790249631
2026-01-17 23:00:00+00:00,0.5008195885060904,0,FLAT_REGIME_LOW,0.0,95139.9921875,10003.815790249631
2026-01-18 00:00:00+00:00,0.4846522605462018,0,FLAT_REGIME_LOW,0.0,95086.90625,10003.815790249631
2026-01-18 02:00:00+00:00,0.509234819612567,0,FLAT_REGIME_LOW,0.0,94968.390625,10003.815790249631
2026-01-18 04:00:00+00:00,0.49236489422302815,0,FLAT_REGIME_LOW,0.0,95143.9375,10003.815790249631
2026-01-18 05:00:00+00:00,0.5015092263687132,0,FLAT_REGIME_LOW,0.0,95040.015625,10003.815790249631
2026-01-18 06:00:00+00:00,0.4925794779651587,0,FLAT_REGIME_LOW,0.0,95154.609375,10003.815790249631
2026-01-18 07:00:00+00:00,0.4858644368957206,0,FLAT_REGIME_LOW,0.0,95094.6328125,10003.815790249631
2026-01-18 08:00:00+00:00,0.4944331134973258,0,FLAT_REGIME_LOW,0.0,95010.953125,10003.815790249631
2026-01-18 09:00:00+00:00,0.47882962188613554,0,FLAT_REGIME_LOW,0.0,95122.953125,10003.815790249631
2026-01-18 10:00:00+00:00,0.47671806552858714,0,FLAT_REGIME_LOW,0.0,95064.1484375,10003.815790249631
2026-01-18 11:00:00+00:00,0.4870930066889622,0,FLAT_REGIME_LOW,0.0,95085.796875,10003.815790249631
2026-01-18 12:00:00+00:00,0.4780123054287817,0,FLAT_REGIME_LOW,0.0,95070.2734375,10003.815790249631
2026-01-18 13:00:00+00:00,0.4793062403133012,0,FLAT_REGIME_LOW,0.0,95004.625,10003.815790249631
2026-01-18 14:00:00+00:00,0.4740485507205215,0,FLAT_REGIME_LOW,0.0,95098.9765625,10003.815790249631
2026-01-18 15:00:00+00:00,0.5003231624910227,0,FLAT_REGIME_LOW,0.0,94989.1171875,10003.815790249631
2026-01-18 16:00:00+00:00,0.47861053046786295,0,FLAT_REGIME_LOW,0.0,95140.796875,10003.815790249631
2026-01-18 16:00:00+00:00,0.47861053046786295,0,FLAT_REGIME_LOW,0.0,95140.8203125,10003.815790249631
2026-01-18 18:00:00+00:00,0.4732768799441044,0,FLAT_REGIME_LOW,0.0,95173.859375,10003.815790249631
2026-01-18 18:00:00+00:00,0.4732768799441044,0,FLAT_REGIME_LOW,0.0,95439.3671875,10003.815790249631
2026-01-18 20:00:00+00:00,0.468800229240989,0,FLAT_REGIME_LOW,0.0,95301.9609375,10003.815790249631
2026-01-18 21:00:00+00:00,0.4747623321479719,0,FLAT_REGIME_LOW,0.0,95270.2109375,10003.815790249631
2026-01-18 22:00:00+00:00,0.4623678595849231,0,FLAT_REGIME_LOW,0.0,95399.546875,10003.815790249631
2026-01-18 23:00:00+00:00,0.45975797728969714,0,FLAT_REGIME_LOW,0.0,94968.0546875,10003.815790249631
2026-01-19 00:00:00+00:00,0.46968507013255445,0,FLAT_REGIME_LOW,0.0,92804.2734375,10003.815790249631
2026-01-19 02:00:00+00:00,0.4336676787779844,0,FLAT_REGIME_LOW,0.0,92498.0625,10003.815790249631
2026-01-19 04:00:00+00:00,0.5274936072536968,0,FLAT_REGIME_LOW,0.0,92564.4609375,10003.815790249631
2026-01-19 05:00:00+00:00,0.5371524934310338,0,FLAT_REGIME_LOW,0.0,92580.90625,10003.815790249631
2026-01-19 06:00:00+00:00,0.5355052541448608,0,FLAT_REGIME_LOW,0.0,92410.0625,10003.815790249631
2026-01-19 07:00:00+00:00,0.5341543734625742,0,FLAT_REGIME_LOW,0.0,92584.0234375,10003.815790249631
2026-01-19 08:00:00+00:00,0.51337183225671,0,FLAT_REGIME_LOW,0.0,92735.34375,10003.815790249631
2026-01-19 09:00:00+00:00,0.510511017777669,0,FLAT_REGIME_LOW,0.0,92924.7265625,10003.815790249631
2026-01-19 10:00:00+00:00,0.532368949201087,0,FLAT_REGIME_LOW,0.0,92912.65625,10003.815790249631
2026-01-19 11:00:00+00:00,0.5236409054407875,0,FLAT_REGIME_LOW,0.0,92972.3046875,10003.815790249631
2026-01-19 12:00:00+00:00,0.506596527447723,0,FLAT_REGIME_LOW,0.0,93023.734375,10003.815790249631
2026-01-19 13:00:00+00:00,0.5052852638044185,0,FLAT_REGIME_LOW,0.0,92963.5,10003.815790249631
2026-01-19 14:00:00+00:00,0.49977272434500747,0,FLAT_REGIME_LOW,0.0,92826.2265625,10003.815790249631
2026-01-19 15:00:00+00:00,0.503282202324275,0,FLAT_REGIME_LOW,0.0,92950.296875,10003.815790249631
2026-01-19 16:00:00+00:00,0.493192501937377,0,FLAT_REGIME_LOW,0.0,93005.9453125,10003.815790249631
2026-01-19 17:00:00+00:00,0.4761325116447611,0,FLAT_REGIME_LOW,0.0,93253.2265625,10003.815790249631
2026-01-19 18:00:00+00:00,0.4998740442101554,0,FLAT_REGIME_LOW,0.0,93074.3984375,10003.815790249631
2026-01-19 19:00:00+00:00,0.4985099933205004,0,FLAT_REGIME_LOW,0.0,92996.7578125,10003.815790249631
2026-01-19 20:00:00+00:00,0.485654184240312,0,FLAT_REGIME_LOW,0.0,93103.8984375,10003.815790249631
2026-01-19 21:00:00+00:00,0.4829289363907916,0,FLAT_REGIME_LOW,0.0,93238.609375,10003.815790249631
2026-01-19 22:00:00+00:00,0.5058817740270792,0,FLAT_REGIME_LOW,0.0,92878.0078125,10003.815790249631
2026-01-19 23:00:00+00:00,0.536135866585809,0,FLAT_REGIME_LOW,0.0,92404.390625,10003.815790249631
2026-01-20 00:00:00+00:00,0.5120957597709377,0,FLAT_REGIME_LOW,0.0,92674.03125,10003.815790249631
2026-01-20 02:00:00+00:00,0.491857379065737,0,FLAT_REGIME_LOW,0.0,92506.546875,10003.815790249631
2026-01-20 03:00:00+00:00,0.5038817949978608,0,FLAT_REGIME_LOW,0.0,92362.9609375,10003.815790249631
2026-01-20 05:00:00+00:00,0.4981842702694527,0,FLAT_REGIME_LOW,0.0,91393.9921875,10003.815790249631
2026-01-20 06:00:00+00:00,0.4896677895290653,0,FLAT_REGIME_LOW,0.0,91357.7265625,10003.815790249631
2026-01-20 07:00:00+00:00,0.4770500372637748,0,FLAT_REGIME_LOW,0.0,90966.3671875,10003.815790249631
2026-01-20 08:00:00+00:00,0.489265004332087,0,FLAT_REGIME_LOW,0.0,90785.7109375,10003.815790249631
2026-01-20 09:00:00+00:00,0.49443111204175655,0,FLAT_REGIME_LOW,0.0,90840.2421875,10003.815790249631
2026-01-20 10:00:00+00:00,0.5278939785282984,0,FLAT_REGIME_LOW,0.0,91000.5234375,10003.815790249631
2026-01-20 11:00:00+00:00,0.5079561969249234,0,FLAT_REGIME_LOW,0.0,91315.578125,10003.815790249631
2026-01-20 12:00:00+00:00,0.4993984575808934,0,FLAT_REGIME_LOW,0.0,91180.78125,10003.815790249631
2026-01-20 13:00:00+00:00,0.5203369623307141,0,FLAT_REGIME_LOW,0.0,90808.5859375,10003.815790249631
2026-01-20 14:00:00+00:00,0.5181221891716206,0,FLAT_REGIME_LOW,0.0,90863.9921875,10003.815790249631
2026-01-20 15:00:00+00:00,0.4985814271095088,0,FLAT_REGIME_LOW,0.0,90148.7890625,10003.815790249631
2026-01-20 16:00:00+00:00,0.49069285383172156,0,FLAT_REGIME_LOW,0.0,90788.9296875,10003.815790249631
2026-01-20 17:00:00+00:00,0.5139214917707977,0,FLAT_REGIME_LOW,0.0,90362.15625,10003.815790249631
2026-01-20 18:00:00+00:00,0.5136399051576316,0,FLAT_REGIME_LOW,0.0,89783.40625,10003.815790249631
2026-01-20 19:00:00+00:00,0.529588584962539,0,FLAT_REGIME_LOW,0.0,89597.7265625,10003.815790249631
2026-01-20 21:00:00+00:00,0.5168233190322155,0,FLAT_REGIME_LOW,0.0,89617.328125,10003.815790249631
2026-01-20 22:00:00+00:00,0.5373272089501263,0,FLAT_REGIME_LOW,0.0,89465.4375,10003.815790249631
2026-01-20 23:00:00+00:00,0.4900949621267218,0,FLAT_REGIME_LOW,0.0,88055.0234375,10003.815790249631
2026-01-21 00:00:00+00:00,0.5128594409933755,0,FLAT_REGIME_LOW,0.0,88732.359375,10003.815790249631
2026-01-21 02:00:00+00:00,0.487065238216801,0,FLAT_REGIME_LOW,0.0,89039.15625,10003.815790249631
2026-01-21 03:00:00+00:00,0.5103448163648208,0,FLAT_REGIME_LOW,0.0,89320.7578125,10003.815790249631
2026-01-21 04:00:00+00:00,0.5027617050256638,0,FLAT_REGIME_LOW,0.0,89386.4765625,10003.815790249631
2026-01-21 05:00:00+00:00,0.5080010540884244,0,FLAT_REGIME_LOW,0.0,89447.390625,10003.815790249631
2026-01-21 06:00:00+00:00,0.4987237562109723,0,FLAT_REGIME_LOW,0.0,89760.484375,10003.815790249631
2026-01-21 07:00:00+00:00,0.48478802398999876,0,FLAT_REGIME_LOW,0.0,89440.1953125,10003.815790249631
2026-01-21 08:00:00+00:00,0.4750493531829247,0,FLAT_REGIME_LOW,0.0,89197.4375,10003.815790249631
2026-01-21 09:00:00+00:00,0.45557555160599034,0,FLAT_REGIME_LOW,0.0,89254.0703125,10003.815790249631
2026-01-21 10:00:00+00:00,0.478209604842816,0,FLAT_REGIME_LOW,0.0,89173.6171875,10003.815790249631
2026-01-21 11:00:00+00:00,0.4840402605125751,0,FLAT_REGIME_LOW,0.0,89133.234375,10003.815790249631
2026-01-21 12:00:00+00:00,0.5139936141939478,0,FLAT_REGIME_LOW,0.0,88199.9453125,10003.815790249631
2026-01-21 13:00:00+00:00,0.5057891746235,0,FLAT_REGIME_LOW,0.0,88690.9765625,10003.815790249631
2026-01-21 14:00:00+00:00,0.5018056465053904,0,FLAT_REGIME_LOW,0.0,89509.546875,10003.815790249631
2026-01-21 15:00:00+00:00,0.47665812179098677,0,FLAT_REGIME_LOW,0.0,90239.203125,10003.815790249631
2026-01-21 16:00:00+00:00,0.5033275271173933,0,FLAT_REGIME_LOW,0.0,89731.4375,10003.815790249631
2026-01-21 17:00:00+00:00,0.5014218555204112,1,EXIT_TO_FLAT,0.0,87825.828125,10003.815790249631
2026-01-21 18:00:00+00:00,0.4264020281845323,1,EXIT_TO_FLAT,0.0,87793.75,10003.815790249631
2026-01-21 19:00:00+00:00,0.40703275240243214,1,EXIT_TO_FLAT,0.0,88335.671875,10003.815790249631
2026-01-21 20:00:00+00:00,0.5000998251131997,1,EXIT_TO_FLAT,0.0,89707.484375,10003.815790249631
2026-01-21 21:00:00+00:00,0.5336184934765995,1,HOLD,0.0,90035.6796875,10003.815790249631
2026-01-21 22:00:00+00:00,0.5334352657613872,1,HOLD,0.0,90239.1328125,10003.815790249631
2026-01-21 23:00:00+00:00,0.43548008694201734,1,EXIT_TO_FLAT,0.0,89844.7109375,10003.815790249631
2026-01-22 00:00:00+00:00,0.4426207473213208,1,EXIT_TO_FLAT,0.0,89869.8203125,10003.815790249631
2026-01-22 02:00:00+00:00,0.43824874885463005,1,EXIT_TO_FLAT,0.0,89786.90625,10003.815790249631
2026-01-22 04:00:00+00:00,0.49762572437440844,1,EXIT_TO_FLAT,0.0,89797.3203125,10003.815790249631
2026-01-22 05:00:00+00:00,0.48408935911973694,1,EXIT_TO_FLAT,0.0,89953.984375,10003.815790249631
2026-01-22 06:00:00+00:00,0.491275971042391,1,EXIT_TO_FLAT,0.0,89949.03125,10003.815790249631
2026-01-22 07:00:00+00:00,0.49454764893889874,1,EXIT_TO_FLAT,0.0,90006.65625,10003.815790249631
2026-01-22 08:00:00+00:00,0.4994964117565649,1,EXIT_TO_FLAT,0.0,89764.1171875,10003.815790249631
2026-01-22 09:00:00+00:00,0.5029216263615507,1,EXIT_TO_FLAT,0.0,89961.6875,10003.815790249631
2026-01-22 10:00:00+00:00,0.5006007797432344,1,EXIT_TO_FLAT,0.0,89961.640625,10003.815790249631
2026-01-22 11:00:00+00:00,0.5169112092691021,1,EXIT_TO_FLAT,0.0,90053.109375,10003.815790249631
2026-01-22 12:00:00+00:00,0.517372707426064,1,EXIT_TO_FLAT,0.0,89902.21875,10003.815790249631
2026-01-22 13:00:00+00:00,0.5073061087712213,1,EXIT_TO_FLAT,0.0,89866.90625,10003.815790249631
2026-01-22 14:00:00+00:00,0.5319084356215433,1,HOLD,0.0,89591.625,10003.815790249631
2026-01-22 15:00:00+00:00,0.531470150082173,1,HOLD,0.0,89151.734375,10003.815790249631
2026-01-22 16:00:00+00:00,0.5038110893119095,1,EXIT_TO_FLAT,0.0,88729.9765625,10003.815790249631
2026-01-22 17:00:00+00:00,0.5125285881945459,1,EXIT_TO_FLAT,0.0,89231.8828125,10003.815790249631
2026-01-22 18:00:00+00:00,0.5045505737860454,1,EXIT_TO_FLAT,0.0,89446.359375,10003.815790249631
2026-01-22 19:00:00+00:00,0.5327034392937857,1,HOLD,0.0,89338.5390625,10003.815790249631
2026-01-22 20:00:00+00:00,0.5002187736800737,1,EXIT_TO_FLAT,0.0,89763.4765625,10003.815790249631
2026-01-22 21:00:00+00:00,0.49431850410012257,1,EXIT_TO_FLAT,0.0,89447.0546875,10003.815790249631
2026-01-22 22:00:00+00:00,0.4965337897431173,1,EXIT_TO_FLAT,0.0,89194.5078125,10003.815790249631
2026-01-22 23:00:00+00:00,0.47166578872671283,1,EXIT_TO_FLAT,0.0,89086.1484375,10003.815790249631
2026-01-23 00:00:00+00:00,0.503983746949887,1,EXIT_TO_FLAT,0.0,89444.8671875,10003.815790249631
2026-01-23 02:00:00+00:00,0.49742002416693193,1,EXIT_TO_FLAT,0.0,89674.5078125,10003.815790249631
2026-01-23 03:00:00+00:00,0.5030282113526631,1,EXIT_TO_FLAT,0.0,89786.09375,10003.815790249631
2026-01-23 04:00:00+00:00,0.48288441580794444,1,EXIT_TO_FLAT,0.0,89874.453125,10003.815790249631
2026-01-23 05:00:00+00:00,0.471023737318613,1,EXIT_TO_FLAT,0.0,89765.890625,10003.815790249631
2026-01-23 06:00:00+00:00,0.49609906385393693,1,EXIT_TO_FLAT,0.0,89633.2890625,10003.815790249631
2026-01-23 07:00:00+00:00,0.49624212809747054,1,EXIT_TO_FLAT,0.0,89424.9921875,10003.815790249631
2026-01-23 08:00:00+00:00,0.49864916935342,1,EXIT_TO_FLAT,0.0,89450.0234375,10003.815790249631
2026-01-23 09:00:00+00:00,0.5270196743539077,1,EXIT_TO_FLAT,0.0,89133.984375,10003.815790249631
2026-01-23 10:00:00+00:00,0.5344583764188443,1,HOLD,0.0,88842.921875,10003.815790249631
2026-01-23 11:00:00+00:00,0.5318928610845622,1,HOLD,0.0,89062.890625,10003.815790249631
2026-01-23 12:00:00+00:00,0.5223408878377446,1,EXIT_TO_FLAT,0.0,89034.5859375,10003.815790249631
2026-01-23 13:00:00+00:00,0.5337745042340176,1,HOLD,0.0,89155.7265625,10003.815790249631
2026-01-23 14:00:00+00:00,0.5254364316073532,1,EXIT_TO_FLAT,0.0,89333.359375,10003.815790249631
2026-01-23 15:00:00+00:00,0.5242116418752051,1,EXIT_TO_FLAT,0.0,88954.6015625,10003.815790249631
2026-01-23 16:00:00+00:00,0.4706523532232228,0,FLAT_REGIME_LOW,0.0,89582.96875,10003.815790249631
2026-01-23 17:00:00+00:00,0.4724114783657489,0,FLAT_REGIME_LOW,0.0,90073.2890625,10003.815790249631
2026-01-23 18:00:00+00:00,0.49613898745744955,0,FLAT_REGIME_LOW,0.0,90742.015625,10003.815790249631
2026-01-23 19:00:00+00:00,0.49221918174759804,0,FLAT_REGIME_LOW,0.0,90324.359375,10003.815790249631
2026-01-23 20:00:00+00:00,0.48328459754747466,0,FLAT_REGIME_LOW,0.0,89867.484375,10003.815790249631
2026-01-23 21:00:00+00:00,0.46466943698957486,0,FLAT_REGIME_LOW,0.0,89488.28125,10003.815790249631
2026-01-23 22:00:00+00:00,0.4810131347243363,0,FLAT_REGIME_LOW,0.0,89466.3046875,10003.815790249631
2026-01-23 23:00:00+00:00,0.4946736376139825,0,FLAT_REGIME_LOW,0.0,89440.640625,10003.815790249631
2026-01-24 00:00:00+00:00,0.47858243276880735,0,FLAT_REGIME_LOW,0.0,89410.671875,10003.815790249631
2026-01-24 02:00:00+00:00,0.5352035806024223,0,FLAT_REGIME_LOW,0.0,89559.6171875,10003.815790249631
2026-01-24 03:00:00+00:00,0.5181884363639,0,FLAT_REGIME_LOW,0.0,89654.828125,10003.815790249631
2026-01-24 04:00:00+00:00,0.5225243424747046,0,FLAT_REGIME_LOW,0.0,89626.8515625,10003.815790249631
2026-01-24 05:00:00+00:00,0.5262757047056424,0,FLAT_REGIME_LOW,0.0,89668.171875,10003.815790249631
2026-01-24 06:00:00+00:00,0.5347485540623578,0,FLAT_REGIME_LOW,0.0,89606.9375,10003.815790249631
2026-01-24 07:00:00+00:00,0.5278285918947857,0,FLAT_REGIME_LOW,0.0,89503.890625,10003.815790249631
2026-01-24 08:00:00+00:00,0.523431683534166,0,FLAT_REGIME_LOW,0.0,89466.0546875,10003.815790249631
2026-01-24 09:00:00+00:00,0.5220810642738692,0,FLAT_REGIME_LOW,0.0,89491.2578125,10003.815790249631
2026-01-24 10:00:00+00:00,0.5303831634292582,0,FLAT_REGIME_LOW,0.0,89465.34375,10003.815790249631
2026-01-24 10:00:00+00:00,0.5303831634292582,0,FLAT_REGIME_LOW,0.0,89492.6015625,10003.815790249631
2026-01-24 12:00:00+00:00,0.5237681852627232,0,FLAT_REGIME_LOW,0.0,89407.9921875,10003.815790249631
2026-01-24 13:00:00+00:00,0.5401803417483584,0,FLAT_REGIME_LOW,0.0,89404.4453125,10003.815790249631
2026-01-24 13:00:00+00:00,0.5401803417483584,0,FLAT_REGIME_LOW,0.0,89398.90625,10003.815790249631
2026-01-24 15:00:00+00:00,0.5255471092801786,0,FLAT_REGIME_LOW,0.0,89348.3515625,10003.815790249631
2026-01-24 16:00:00+00:00,0.5382847775907733,0,FLAT_REGIME_LOW,0.0,89134.1953125,10003.815790249631
2026-01-24 17:00:00+00:00,0.5278165018349111,0,FLAT_REGIME_LOW,0.0,89170.2421875,10003.815790249631
2026-01-24 18:00:00+00:00,0.5178947619321416,0,FLAT_REGIME_LOW,0.0,89256.40625,10003.815790249631
2026-01-24 19:00:00+00:00,0.5248315514181275,0,FLAT_REGIME_LOW,0.0,89227.09375,10003.815790249631
2026-01-24 20:00:00+00:00,0.5156566449783159,0,FLAT_REGIME_LOW,0.0,89240.734375,10003.815790249631
2026-01-24 21:00:00+00:00,0.49706533514968476,0,FLAT_REGIME_LOW,0.0,89175.765625,10003.815790249631
2026-01-24 22:00:00+00:00,0.4984682958430203,0,FLAT_REGIME_LOW,0.0,89269.6328125,10003.815790249631
2026-01-24 23:00:00+00:00,0.4948026362451679,0,FLAT_REGIME_LOW,0.0,89249.328125,10003.815790249631
2026-01-25 00:00:00+00:00,0.4939853814079184,0,FLAT_REGIME_LOW,0.0,89146.671875,10003.815790249631
2026-01-25 03:00:00+00:00,0.5146948170048685,0,FLAT_REGIME_LOW,0.0,89023.2265625,10003.815790249631
2026-01-25 04:00:00+00:00,0.5061407878304912,0,FLAT_REGIME_LOW,0.0,88947.046875,10003.815790249631
2026-01-25 05:00:00+00:00,0.49188092152076485,0,FLAT_REGIME_LOW,0.0,88906.796875,10003.815790249631
2026-01-25 06:00:00+00:00,0.5075224694110894,0,FLAT_REGIME_LOW,0.0,88580.4765625,10003.815790249631
2026-01-25 07:00:00+00:00,0.5105902180354088,0,FLAT_REGIME_LOW,0.0,88615.640625,10003.815790249631
2026-01-25 08:00:00+00:00,0.519053659187885,0,FLAT_REGIME_LOW,0.0,88597.6015625,10003.815790249631
2026-01-25 09:00:00+00:00,0.5000281083956759,0,FLAT_REGIME_LOW,0.0,88160.046875,10003.815790249631
2026-01-25 10:00:00+00:00,0.49582875209144117,0,FLAT_REGIME_LOW,0.0,88294.421875,10003.815790249631
2026-01-25 10:00:00+00:00,0.49582875209144117,0,FLAT_REGIME_LOW,0.0,88512.4140625,10003.815790249631
2026-01-25 12:00:00+00:00,0.5109359499964417,0,FLAT_REGIME_LOW,0.0,88494.40625,10003.815790249631
2026-01-25 13:00:00+00:00,0.490571017224295,0,FLAT_REGIME_LOW,0.0,88663.484375,10003.815790249631
2026-01-25 14:00:00+00:00,0.47136110882529536,0,FLAT_REGIME_LOW,0.0,88748.2421875,10003.815790249631
2026-01-25 15:00:00+00:00,0.48929665335175465,0,FLAT_REGIME_LOW,0.0,88573.34375,10003.815790249631
2026-01-25 16:00:00+00:00,0.48874593584746007,0,FLAT_REGIME_LOW,0.0,87962.6640625,10003.815790249631
2026-01-25 17:00:00+00:00,0.4803485206821205,0,FLAT_REGIME_LOW,0.0,87848.4609375,10003.815790249631
2026-01-25 18:00:00+00:00,0.4908608839604904,0,FLAT_REGIME_LOW,0.0,87757.0703125,10003.815790249631
2026-01-25 19:00:00+00:00,0.4823216149905253,0,FLAT_REGIME_LOW,0.0,87154.4296875,10003.815790249631
2026-01-25 20:00:00+00:00,0.4908737840422549,0,FLAT_REGIME_LOW,0.0,86421.5625,10003.815790249631
2026-01-25 21:00:00+00:00,0.48385985119158653,0,FLAT_REGIME_LOW,0.0,86756.4453125,10003.815790249631
2026-01-25 22:00:00+00:00,0.4985834797996519,0,FLAT_REGIME_LOW,0.0,86323.015625,10003.815790249631
2026-01-25 23:00:00+00:00,0.532465203922561,0,FLAT_REGIME_LOW,0.0,86303.140625,10003.815790249631
2026-01-26 00:00:00+00:00,0.5104852341606301,0,FLAT_REGIME_LOW,0.0,86608.7578125,10003.815790249631
2026-01-26 03:00:00+00:00,0.510177721161503,0,FLAT_REGIME_LOW,0.0,87447.9765625,10003.815790249631
2026-01-26 04:00:00+00:00,0.5049618976047899,0,FLAT_REGIME_LOW,0.0,87724.3828125,10003.815790249631
2026-01-26 05:00:00+00:00,0.4543002518484919,0,FLAT_REGIME_LOW,0.0,87696.8359375,10003.815790249631
2026-01-26 06:00:00+00:00,0.4632222196627096,0,FLAT_REGIME_LOW,0.0,87667.296875,10003.815790249631
2026-01-26 07:00:00+00:00,0.4657141536420501,0,FLAT_REGIME_LOW,0.0,87867.96875,10003.815790249631
2026-01-26 08:00:00+00:00,0.4679833722997651,0,FLAT_REGIME_LOW,0.0,87961.8671875,10003.815790249631
2026-01-26 09:00:00+00:00,0.4705093736070523,0,FLAT_REGIME_LOW,0.0,87658.8359375,10003.815790249631
2026-01-26 10:00:00+00:00,0.4632551155895955,0,FLAT_REGIME_LOW,0.0,87764.4765625,10003.815790249631
2026-01-26 11:00:00+00:00,0.457390178497764,0,FLAT_REGIME_LOW,0.0,87859.8515625,10003.815790249631
2026-01-26 12:00:00+00:00,0.46720473775459676,0,FLAT_REGIME_LOW,0.0,87846.4453125,10003.815790249631
2026-01-26 13:00:00+00:00,0.4818520906127255,0,FLAT_REGIME_LOW,0.0,87943.046875,10003.815790249631
2026-01-26 14:00:00+00:00,0.46815552703373675,0,FLAT_REGIME_LOW,0.0,87710.3671875,10003.815790249631
2026-01-26 15:00:00+00:00,0.46175282249526045,0,FLAT_REGIME_LOW,0.0,88665.65625,10003.815790249631
2026-01-26 16:00:00+00:00,0.5082871737956838,0,FLAT_REGIME_LOW,0.0,87327.0546875,10003.815790249631
2026-01-26 17:00:00+00:00,0.4902657747667163,0,FLAT_REGIME_LOW,0.0,87403.5859375,10003.815790249631
2026-01-26 18:00:00+00:00,0.47795706296966406,0,FLAT_REGIME_LOW,0.0,87735.6328125,10003.815790249631
2026-01-26 19:00:00+00:00,0.47224313019494557,0,FLAT_REGIME_LOW,0.0,88302.4375,10003.815790249631
2026-01-26 20:00:00+00:00,0.5037321527102092,0,FLAT_REGIME_LOW,0.0,87895.3359375,10003.815790249631
2026-01-26 21:00:00+00:00,0.5037368517888428,0,FLAT_REGIME_LOW,0.0,87628.1796875,10003.815790249631
2026-01-26 22:00:00+00:00,0.4461692013399955,0,FLAT_REGIME_LOW,0.0,87989.953125,10003.815790249631
2026-01-26 23:00:00+00:00,0.47711933490255803,0,FLAT_REGIME_LOW,0.0,88043.3359375,10003.815790249631
2026-01-27 00:00:00+00:00,0.4591772505524881,0,FLAT_REGIME_LOW,0.0,88162.75,10003.815790249631
2026-01-27 02:00:00+00:00,0.4710943416754482,0,FLAT_REGIME_LOW,0.0,88685.5,10003.815790249631
2026-01-27 04:00:00+00:00,0.47709722274295,0,FLAT_REGIME_LOW,0.0,88643.6953125,10003.815790249631
2026-01-27 05:00:00+00:00,0.47822105871930637,0,FLAT_REGIME_LOW,0.0,88324.078125,10003.815790249631
2026-01-27 06:00:00+00:00,0.4774866405970533,0,FLAT_REGIME_LOW,0.0,88394.875,10003.815790249631
2026-01-27 07:00:00+00:00,0.4785889708908068,0,FLAT_REGIME_LOW,0.0,88371.109375,10003.815790249631
2026-01-27 08:00:00+00:00,0.48056842224330915,0,FLAT_REGIME_LOW,0.0,88217.8515625,10003.815790249631
2026-01-27 09:00:00+00:00,0.5093871401111935,0,FLAT_REGIME_LOW,0.0,87926.90625,10003.815790249631
2026-01-27 10:00:00+00:00,0.5226197102442826,0,FLAT_REGIME_LOW,0.0,87893.109375,10003.815790249631
2026-01-27 11:00:00+00:00,0.5200536699353109,0,FLAT_REGIME_LOW,0.0,87735.109375,10003.815790249631
2026-01-27 12:00:00+00:00,0.5071204957651854,0,FLAT_REGIME_LOW,0.0,87984.640625,10003.815790249631
2026-01-27 13:00:00+00:00,0.5256989360145164,0,FLAT_REGIME_LOW,0.0,87810.984375,10003.815790249631
2026-01-27 14:00:00+00:00,0.5293982104919149,0,FLAT_REGIME_LOW,0.0,88213.0546875,10003.815790249631
2026-01-27 15:00:00+00:00,0.5205430470635999,0,FLAT_REGIME_LOW,0.0,87736.84375,10003.815790249631
2026-01-27 16:00:00+00:00,0.4957047435029246,0,FLAT_REGIME_LOW,0.0,88400.15625,10003.815790249631
2026-01-27 17:00:00+00:00,0.46267183359035463,0,FLAT_REGIME_LOW,0.0,87783.0078125,10003.815790249631
2026-01-27 18:00:00+00:00,0.5350299925877376,0,FLAT_REGIME_LOW,0.0,87611.9609375,10003.815790249631
2026-01-27 19:00:00+00:00,0.45138054598798333,0,FLAT_REGIME_LOW,0.0,88117.65625,10003.815790249631
2026-01-27 20:00:00+00:00,0.4450398725703862,0,FLAT_REGIME_LOW,0.0,88414.015625,10003.815790249631
2026-01-27 21:00:00+00:00,0.4648191409011478,0,FLAT_REGIME_LOW,0.0,89323.6171875,10003.815790249631
2026-01-27 22:00:00+00:00,0.4825171944737894,0,FLAT_REGIME_LOW,0.0,88985.8671875,10003.815790249631
2026-01-27 23:00:00+00:00,0.4743207386080354,0,FLAT_REGIME_LOW,0.0,89117.8671875,10003.815790249631
2026-01-28 00:00:00+00:00,0.4861220319925861,0,FLAT_REGIME_LOW,0.0,89083.203125,10003.815790249631
2026-01-28 02:00:00+00:00,0.46016037952139277,0,FLAT_REGIME_LOW,0.0,89048.5234375,10003.815790249631
2026-01-28 03:00:00+00:00,0.47493094847913264,0,FLAT_REGIME_LOW,0.0,89013.21875,10003.815790249631
2026-01-28 05:00:00+00:00,0.4845549537366754,0,FLAT_REGIME_LOW,0.0,88819.609375,10003.815790249631
2026-01-28 06:00:00+00:00,0.47394233233417804,0,FLAT_REGIME_LOW,0.0,89137.1171875,10003.815790249631
2026-01-28 07:00:00+00:00,0.4826419312726344,0,FLAT_REGIME_LOW,0.0,89125.5859375,10003.815790249631
2026-01-28 08:00:00+00:00,0.5020611776663851,0,FLAT_REGIME_LOW,0.0,89025.890625,10003.815790249631
2026-01-28 09:00:00+00:00,0.49482609985178877,0,FLAT_REGIME_LOW,0.0,88807.015625,10003.815790249631
2026-01-28 10:00:00+00:00,0.4496531640875817,0,FLAT_REGIME_LOW,0.0,89378.90625,10003.815790249631
2026-01-28 11:00:00+00:00,0.4801563380887138,0,FLAT_REGIME_LOW,0.0,89235.5703125,10003.815790249631
2026-01-28 12:00:00+00:00,0.47184799507537156,0,FLAT_REGIME_LOW,0.0,89816.0390625,10003.815790249631
2026-01-28 13:00:00+00:00,0.480370951852512,0,FLAT_REGIME_LOW,0.0,90230.5703125,10003.815790249631
2026-01-28 14:00:00+00:00,0.4809920249198151,0,FLAT_REGIME_LOW,0.0,90034.7890625,10003.815790249631
2026-01-28 15:00:00+00:00,0.4710672931734293,0,FLAT_REGIME_LOW,0.0,89000.640625,10003.815790249631
2026-01-28 16:00:00+00:00,0.4757886799598827,0,FLAT_REGIME_LOW,0.0,89267.3828125,10003.815790249631
2026-01-28 17:00:00+00:00,0.4613157432422013,0,FLAT_REGIME_LOW,0.0,89578.2421875,10003.815790249631
2026-01-28 18:00:00+00:00,0.4629420767953213,0,FLAT_REGIME_LOW,0.0,89694.75,10003.815790249631
2026-01-28 19:00:00+00:00,0.5140601920573632,0,FLAT_REGIME_LOW,0.0,89228.21875,10003.815790249631
2026-01-28 20:00:00+00:00,0.5001290720179521,0,FLAT_REGIME_LOW,0.0,89426.0546875,10003.815790249631
2026-01-28 21:00:00+00:00,0.4809722133512501,0,FLAT_REGIME_LOW,0.0,89056.7265625,10003.815790249631
2026-01-28 22:00:00+00:00,0.48857059781910467,0,FLAT_REGIME_LOW,0.0,89244.953125,10003.815790249631
2026-01-28 23:00:00+00:00,0.5023180738788439,0,FLAT_REGIME_LOW,0.0,89249.4765625,10003.815790249631
2026-01-29 00:00:00+00:00,0.5305986195940139,0,FLAT_REGIME_LOW,0.0,88908.828125,10003.815790249631
2026-01-29 03:00:00+00:00,0.5045442334568543,0,FLAT_REGIME_LOW,0.0,88026.6875,10003.815790249631
2026-01-29 04:00:00+00:00,0.4934043933936902,0,FLAT_REGIME_LOW,0.0,88148.84375,10003.815790249631
2026-01-29 05:00:00+00:00,0.5077686957766103,0,FLAT_REGIME_LOW,0.0,88187.6953125,10003.815790249631
2026-01-29 06:00:00+00:00,0.5447077780516384,0,FLAT_REGIME_LOW,0.0,88075.921875,10003.815790249631
2026-01-29 07:00:00+00:00,0.5355137237769273,0,FLAT_REGIME_LOW,0.0,88133.671875,10003.815790249631
2026-01-29 08:00:00+00:00,0.515837314459466,0,FLAT_REGIME_LOW,0.0,87876.46875,10003.815790249631
2026-01-29 09:00:00+00:00,0.5257440490351571,0,FLAT_REGIME_LOW,0.0,87911.625,10003.815790249631
2026-01-29 10:00:00+00:00,0.5234020799685889,0,FLAT_REGIME_LOW,0.0,87763.7890625,10003.815790249631
2026-01-29 11:00:00+00:00,0.5189943063514735,0,FLAT_REGIME_LOW,0.0,87798.328125,10003.815790249631
2026-01-29 12:00:00+00:00,0.5287725136313453,0,FLAT_REGIME_LOW,0.0,87858.828125,10003.815790249631
2026-01-29 13:00:00+00:00,0.5211354450059618,0,FLAT_REGIME_LOW,0.0,87937.4140625,10003.815790249631
2026-01-29 14:00:00+00:00,0.5422265451559292,0,FLAT_REGIME_LOW,0.0,87730.828125,10003.815790249631
2026-01-29 15:00:00+00:00,0.5252762962550312,1,EXIT_TO_FLAT,0.0,85398.5703125,10003.815790249631
2026-01-29 16:00:00+00:00,0.44065496591796655,1,EXIT_TO_FLAT,0.0,84494.1875,10003.815790249631
2026-01-29 17:00:00+00:00,0.42054013103143856,1,EXIT_TO_FLAT,0.0,85166.640625,10003.815790249631
2026-01-29 18:00:00+00:00,0.46946495348811457,1,EXIT_TO_FLAT,0.0,83897.5390625,10003.815790249631
2026-01-29 19:00:00+00:00,0.5442653002872292,1,HOLD,0.0,83662.5078125,10003.815790249631
2026-01-29 20:00:00+00:00,0.5051401329112201,1,EXIT_TO_FLAT,0.0,83776.5,10003.815790249631
2026-01-29 21:00:00+00:00,0.5665406919374649,1,HOLD,0.0,84234.484375,10003.815790249631
2026-01-29 22:00:00+00:00,0.5445640956457367,1,HOLD,0.0,84413.6640625,10003.815790249631
2026-01-29 23:00:00+00:00,0.567636852719782,1,HOLD,0.0,84306.671875,10003.815790249631
2026-01-30 00:00:00+00:00,0.5646525882753329,1,HOLD,0.0,84064.421875,10003.815790249631
2026-01-30 03:00:00+00:00,0.44822830311374096,1,EXIT_TO_FLAT,0.0,82240.4609375,10003.815790249631
2026-01-30 04:00:00+00:00,0.4720204232406248,1,EXIT_TO_FLAT,0.0,82798.3125,10003.815790249631
2026-01-30 06:00:00+00:00,0.5698190768153821,1,HOLD,0.0,82266.0390625,10003.815790249631
2026-01-30 07:00:00+00:00,0.5501452963506003,1,HOLD,0.0,82561.1484375,10003.815790249631
2026-01-30 08:00:00+00:00,0.4930647333806056,1,EXIT_TO_FLAT,0.0,82655.171875,10003.815790249631
2026-01-30 09:00:00+00:00,0.4998421858287083,1,EXIT_TO_FLAT,0.0,82373.921875,10003.815790249631
2026-01-30 10:00:00+00:00,0.5291448419491388,1,EXIT_TO_FLAT,0.0,82144.953125,10003.815790249631
2026-01-30 11:00:00+00:00,0.5032222766152135,1,EXIT_TO_FLAT,0.0,82717.875,10003.815790249631
2026-01-30 12:00:00+00:00,0.5273063630311035,1,EXIT_TO_FLAT,0.0,82735.4375,10003.815790249631
2026-01-30 13:00:00+00:00,0.5535981623371927,1,HOLD,0.0,82660.2265625,10003.815790249631
2026-01-30 14:00:00+00:00,0.5210395240949564,1,EXIT_TO_FLAT,0.0,82893.0078125,10003.815790249631
2026-01-30 15:00:00+00:00,0.4835104694155862,1,EXIT_TO_FLAT,0.0,83130.0703125,10003.815790249631
2026-01-30 16:00:00+00:00,0.49332890831034887,1,EXIT_TO_FLAT,0.0,82877.1796875,10003.815790249631
2026-01-30 17:00:00+00:00,0.5054066602514388,1,EXIT_TO_FLAT,0.0,82927.734375,10003.815790249631
2026-01-30 18:00:00+00:00,0.5022774237022771,1,EXIT_TO_FLAT,0.0,81988.4453125,10003.815790249631
2026-01-30 19:00:00+00:00,0.4603322494933432,1,EXIT_TO_FLAT,0.0,84372.8046875,10003.815790249631
2026-01-30 20:00:00+00:00,0.49545555853982676,1,EXIT_TO_FLAT,0.0,83663.140625,10003.815790249631
2026-01-30 21:00:00+00:00,0.5220356155799288,1,EXIT_TO_FLAT,0.0,83916.0234375,10003.815790249631
2026-01-30 22:00:00+00:00,0.4528889606663858,1,EXIT_TO_FLAT,0.0,84029.4375,10003.815790249631
2026-01-30 23:00:00+00:00,0.4612406030952191,1,EXIT_TO_FLAT,0.0,83814.8828125,10003.815790249631
2026-01-31 00:00:00+00:00,0.4526282580810549,1,EXIT_TO_FLAT,0.0,84008.5859375,10003.815790249631
2026-01-31 03:00:00+00:00,0.4645641026157795,1,EXIT_TO_FLAT,0.0,84002.0546875,10003.815790249631
2026-01-31 04:00:00+00:00,0.5038149545623535,1,EXIT_TO_FLAT,0.0,83853.09375,10003.815790249631
2026-01-31 05:00:00+00:00,0.4911182722653193,1,EXIT_TO_FLAT,0.0,83841.1171875,10003.815790249631
2026-01-31 06:00:00+00:00,0.48453993733638334,1,EXIT_TO_FLAT,0.0,83840.421875,10003.815790249631
2026-01-31 07:00:00+00:00,0.4859486443303262,1,EXIT_TO_FLAT,0.0,83594.4140625,10003.815790249631
2026-01-31 08:00:00+00:00,0.48645314976018106,1,EXIT_TO_FLAT,0.0,83183.6015625,10003.815790249631
2026-01-31 09:00:00+00:00,0.5216367951335354,1,EXIT_TO_FLAT,0.0,83042.390625,10003.815790249631
2026-01-31 10:00:00+00:00,0.5045614321266072,1,EXIT_TO_FLAT,0.0,82851.953125,10003.815790249631
2026-01-31 11:00:00+00:00,0.5177312427149022,1,EXIT_TO_FLAT,0.0,82928.8671875,10003.815790249631
2026-01-31 12:00:00+00:00,0.5422472127003635,1,HOLD,0.0,82725.125,10003.815790249631
2026-01-31 13:00:00+00:00,0.5411155953885864,1,HOLD,0.0,82683.3046875,10003.815790249631
2026-01-31 14:00:00+00:00,0.5182849338191562,1,EXIT_TO_FLAT,0.0,82464.328125,10003.815790249631
2026-01-31 15:00:00+00:00,0.5080767142778988,1,EXIT_TO_FLAT,0.0,81358.8203125,10003.815790249631
2026-01-31 16:00:00+00:00,0.48804422287460536,1,EXIT_TO_FLAT,0.0,80790.640625,10003.815790249631
2026-01-31 17:00:00+00:00,0.46469505651847,1,EXIT_TO_FLAT,0.0,79271.515625,10003.815790249631
2026-01-31 18:00:00+00:00,0.5202205310969599,1,EXIT_TO_FLAT,0.0,78698.484375,10003.815790249631
2026-01-31 19:00:00+00:00,0.48177444750797765,1,EXIT_TO_FLAT,0.0,78149.0703125,10003.815790249631
2026-01-31 20:00:00+00:00,0.46996602002475174,1,EXIT_TO_FLAT,0.0,77746.359375,10003.815790249631
2026-01-31 21:00:00+00:00,0.5219956701828614,1,EXIT_TO_FLAT,0.0,77832.78125,10003.815790249631
2026-01-31 22:00:00+00:00,0.5729963139640339,1,HOLD,0.0,78265.96875,10003.815790249631
2026-01-31 23:00:00+00:00,0.5550238981454247,1,HOLD,0.0,78200.1015625,10003.815790249631
